VR-12-1_pFC9_t7_primer_1_	VR-12	100.000	281	0	0	95	375	1	281	2.32e-150	520
VR-12-1_pFC9_t7_primer_1_	VR-30	100.000	53	0	0	95	147	1	53	1.29e-23	99.0
VR-12-1_pFC9_t7_primer_1_	VR-30	100.000	31	0	0	345	375	251	281	2.19e-11	58.4
VR-12-1_pFC9_t7_primer_1_	VR-18	100.000	53	0	0	95	147	1	53	1.29e-23	99.0
VR-12-1_pFC9_t7_primer_1_	VR-18	100.000	30	0	0	346	375	252	281	7.86e-11	56.5
VR-12-1_pFC9_t7_primer_1_	VR-17	98.214	56	1	0	95	150	1	56	1.29e-23	99.0
VR-12-1_pFC9_t7_primer_1_	VR-17	100.000	30	0	0	346	375	252	281	7.86e-11	56.5
VR-12-1_pFC9_t7_primer_1_	VR-21	100.000	52	0	0	95	146	1	52	4.63e-23	97.1
VR-12-1_pFC9_t7_primer_1_	VR-21	97.143	35	1	0	341	375	247	281	6.08e-12	60.2
VR-12-1_pFC9_t7_primer_1_	VR-16	100.000	52	0	0	95	146	1	52	4.63e-23	97.1
VR-12-1_pFC9_t7_primer_1_	VR-16	100.000	30	0	0	346	375	252	281	7.86e-11	56.5
VR-12-1_pFC9_t7_primer_1_	VR-9	98.182	55	1	0	95	149	1	55	4.63e-23	97.1
VR-12-1_pFC9_t7_primer_1_	VR-9	100.000	30	0	0	346	375	252	281	7.86e-11	56.5
VR-12-1_pFC9_t7_primer_1_	VR-6	100.000	52	0	0	95	146	1	52	4.63e-23	97.1
VR-12-1_pFC9_t7_primer_1_	VR-6	100.000	31	0	0	345	375	251	281	2.19e-11	58.4
VR-12-1_pFC9_t7_primer_1_	VR-1	100.000	52	0	0	95	146	1	52	4.63e-23	97.1
VR-12-1_pFC9_t7_primer_1_	VR-1	100.000	30	0	0	346	375	252	281	7.86e-11	56.5
VR-12-1_pFC9_t7_primer_1_	VR-31	100.000	51	0	0	95	145	1	51	1.67e-22	95.3
VR-12-1_pFC9_t7_primer_1_	VR-31	100.000	30	0	0	346	375	252	281	7.86e-11	56.5
VR-12-1_pFC9_t7_primer_1_	VR-29	100.000	51	0	0	95	145	1	51	1.67e-22	95.3
VR-12-1_pFC9_t7_primer_1_	VR-29	100.000	30	0	0	346	375	252	281	7.86e-11	56.5
VR-12-1_pFC9_t7_primer_1_	VR-28	100.000	51	0	0	95	145	1	51	1.67e-22	95.3
VR-12-1_pFC9_t7_primer_1_	VR-28	100.000	32	0	0	344	375	250	281	6.08e-12	60.2
VR-12-1_pFC9_t7_primer_1_	VR-27	100.000	51	0	0	95	145	1	51	1.67e-22	95.3
VR-12-1_pFC9_t7_primer_1_	VR-27	100.000	31	0	0	345	375	251	281	2.19e-11	58.4
VR-12-1_pFC9_t7_primer_1_	VR-26	100.000	51	0	0	95	145	1	51	1.67e-22	95.3
VR-12-1_pFC9_t7_primer_1_	VR-26	100.000	30	0	0	346	375	252	281	7.86e-11	56.5
VR-12-1_pFC9_t7_primer_1_	VR-25	100.000	51	0	0	95	145	1	51	1.67e-22	95.3
VR-12-1_pFC9_t7_primer_1_	VR-25	100.000	30	0	0	346	375	252	281	7.86e-11	56.5
VR-12-1_pFC9_t7_primer_1_	VR-24	100.000	51	0	0	95	145	1	51	1.67e-22	95.3
VR-12-1_pFC9_t7_primer_1_	VR-24	97.059	34	1	0	342	375	248	281	2.19e-11	58.4
VR-12-1_pFC9_t7_primer_1_	VR-23	100.000	51	0	0	95	145	1	51	1.67e-22	95.3
VR-12-1_pFC9_t7_primer_1_	VR-23	96.970	33	1	0	343	375	249	281	7.86e-11	56.5
VR-12-1_pFC9_t7_primer_1_	VR-22	100.000	51	0	0	95	145	1	51	1.67e-22	95.3
VR-12-1_pFC9_t7_primer_1_	VR-22	100.000	30	0	0	346	375	252	281	7.86e-11	56.5
VR-12-1_pFC9_t7_primer_1_	VR-20	100.000	51	0	0	95	145	1	51	1.67e-22	95.3
VR-12-1_pFC9_t7_primer_1_	VR-20	96.970	33	1	0	343	375	249	281	7.86e-11	56.5
VR-12-1_pFC9_t7_primer_1_	VR-19	100.000	51	0	0	95	145	1	51	1.67e-22	95.3
VR-12-1_pFC9_t7_primer_1_	VR-19	100.000	30	0	0	346	375	252	281	7.86e-11	56.5
VR-12-1_pFC9_t7_primer_1_	VR-15	100.000	51	0	0	95	145	1	51	1.67e-22	95.3
VR-12-1_pFC9_t7_primer_1_	VR-15	100.000	30	0	0	346	375	252	281	7.86e-11	56.5
VR-12-1_pFC9_t7_primer_1_	VR-14	100.000	51	0	0	95	145	1	51	1.67e-22	95.3
VR-12-1_pFC9_t7_primer_1_	VR-14	94.872	39	1	1	337	375	244	281	6.08e-12	60.2
VR-12-1_pFC9_t7_primer_1_	VR-13	100.000	51	0	0	95	145	1	51	1.67e-22	95.3
VR-12-1_pFC9_t7_primer_1_	VR-13	100.000	30	0	0	346	375	252	281	7.86e-11	56.5
VR-12-1_pFC9_t7_primer_1_	VR-11	100.000	51	0	0	95	145	1	51	1.67e-22	95.3
VR-12-1_pFC9_t7_primer_1_	VR-11	100.000	30	0	0	346	375	252	281	7.86e-11	56.5
VR-12-1_pFC9_t7_primer_1_	VR-10	100.000	51	0	0	95	145	1	51	1.67e-22	95.3
VR-12-1_pFC9_t7_primer_1_	VR-10	100.000	31	0	0	345	375	251	281	2.19e-11	58.4
VR-12-1_pFC9_t7_primer_1_	VR-8	88.750	80	6	3	95	172	1	79	1.67e-22	95.3
VR-12-1_pFC9_t7_primer_1_	VR-8	100.000	30	0	0	346	375	252	281	7.86e-11	56.5
VR-12-1_pFC9_t7_primer_1_	VR-7	100.000	51	0	0	95	145	1	51	1.67e-22	95.3
VR-12-1_pFC9_t7_primer_1_	VR-7	100.000	31	0	0	345	375	251	281	2.19e-11	58.4
VR-12-1_pFC9_t7_primer_1_	VR-5	100.000	51	0	0	95	145	1	51	1.67e-22	95.3
VR-12-1_pFC9_t7_primer_1_	VR-5	100.000	30	0	0	346	375	252	281	7.86e-11	56.5
VR-12-1_pFC9_t7_primer_1_	VR-4	100.000	51	0	0	95	145	1	51	1.67e-22	95.3
VR-12-1_pFC9_t7_primer_1_	VR-4	92.500	40	3	0	336	375	242	281	2.19e-11	58.4
VR-12-1_pFC9_t7_primer_1_	VR-3	100.000	51	0	0	95	145	1	51	1.67e-22	95.3
VR-12-1_pFC9_t7_primer_1_	VR-3	100.000	30	0	0	346	375	252	281	7.86e-11	56.5
VR-12-1_pFC9_t7_primer_1_	VR-2	100.000	51	0	0	95	145	1	51	1.67e-22	95.3
VR-12-1_pFC9_t7_primer_1_	VR-2	100.000	31	0	0	345	375	251	281	2.19e-11	58.4
VR-12-2_pFC9_t7_primer_1_	VR-12	99.644	281	1	0	95	375	1	281	1.08e-148	514
VR-12-2_pFC9_t7_primer_1_	VR-30	100.000	53	0	0	95	147	1	53	1.29e-23	99.0
VR-12-2_pFC9_t7_primer_1_	VR-30	100.000	31	0	0	345	375	251	281	2.19e-11	58.4
VR-12-2_pFC9_t7_primer_1_	VR-18	100.000	53	0	0	95	147	1	53	1.29e-23	99.0
VR-12-2_pFC9_t7_primer_1_	VR-18	100.000	30	0	0	346	375	252	281	7.86e-11	56.5
VR-12-2_pFC9_t7_primer_1_	VR-17	98.214	56	1	0	95	150	1	56	1.29e-23	99.0
VR-12-2_pFC9_t7_primer_1_	VR-17	100.000	30	0	0	346	375	252	281	7.86e-11	56.5
VR-12-2_pFC9_t7_primer_1_	VR-21	100.000	52	0	0	95	146	1	52	4.63e-23	97.1
VR-12-2_pFC9_t7_primer_1_	VR-21	97.143	35	1	0	341	375	247	281	6.08e-12	60.2
VR-12-2_pFC9_t7_primer_1_	VR-16	100.000	52	0	0	95	146	1	52	4.63e-23	97.1
VR-12-2_pFC9_t7_primer_1_	VR-16	100.000	30	0	0	346	375	252	281	7.86e-11	56.5
VR-12-2_pFC9_t7_primer_1_	VR-9	98.182	55	1	0	95	149	1	55	4.63e-23	97.1
VR-12-2_pFC9_t7_primer_1_	VR-9	100.000	30	0	0	346	375	252	281	7.86e-11	56.5
VR-12-2_pFC9_t7_primer_1_	VR-6	100.000	52	0	0	95	146	1	52	4.63e-23	97.1
VR-12-2_pFC9_t7_primer_1_	VR-6	100.000	31	0	0	345	375	251	281	2.19e-11	58.4
VR-12-2_pFC9_t7_primer_1_	VR-1	100.000	52	0	0	95	146	1	52	4.63e-23	97.1
VR-12-2_pFC9_t7_primer_1_	VR-1	100.000	30	0	0	346	375	252	281	7.86e-11	56.5
VR-12-2_pFC9_t7_primer_1_	VR-31	100.000	51	0	0	95	145	1	51	1.67e-22	95.3
VR-12-2_pFC9_t7_primer_1_	VR-31	100.000	30	0	0	346	375	252	281	7.86e-11	56.5
VR-12-2_pFC9_t7_primer_1_	VR-29	100.000	51	0	0	95	145	1	51	1.67e-22	95.3
VR-12-2_pFC9_t7_primer_1_	VR-29	100.000	30	0	0	346	375	252	281	7.86e-11	56.5
VR-12-2_pFC9_t7_primer_1_	VR-28	100.000	51	0	0	95	145	1	51	1.67e-22	95.3
VR-12-2_pFC9_t7_primer_1_	VR-28	100.000	32	0	0	344	375	250	281	6.08e-12	60.2
VR-12-2_pFC9_t7_primer_1_	VR-27	100.000	51	0	0	95	145	1	51	1.67e-22	95.3
VR-12-2_pFC9_t7_primer_1_	VR-27	100.000	31	0	0	345	375	251	281	2.19e-11	58.4
VR-12-2_pFC9_t7_primer_1_	VR-26	100.000	51	0	0	95	145	1	51	1.67e-22	95.3
VR-12-2_pFC9_t7_primer_1_	VR-26	100.000	30	0	0	346	375	252	281	7.86e-11	56.5
VR-12-2_pFC9_t7_primer_1_	VR-25	100.000	51	0	0	95	145	1	51	1.67e-22	95.3
VR-12-2_pFC9_t7_primer_1_	VR-25	100.000	30	0	0	346	375	252	281	7.86e-11	56.5
VR-12-2_pFC9_t7_primer_1_	VR-24	100.000	51	0	0	95	145	1	51	1.67e-22	95.3
VR-12-2_pFC9_t7_primer_1_	VR-24	97.059	34	1	0	342	375	248	281	2.19e-11	58.4
VR-12-2_pFC9_t7_primer_1_	VR-23	100.000	51	0	0	95	145	1	51	1.67e-22	95.3
VR-12-2_pFC9_t7_primer_1_	VR-23	96.970	33	1	0	343	375	249	281	7.86e-11	56.5
VR-12-2_pFC9_t7_primer_1_	VR-22	100.000	51	0	0	95	145	1	51	1.67e-22	95.3
VR-12-2_pFC9_t7_primer_1_	VR-22	100.000	30	0	0	346	375	252	281	7.86e-11	56.5
VR-12-2_pFC9_t7_primer_1_	VR-20	100.000	51	0	0	95	145	1	51	1.67e-22	95.3
VR-12-2_pFC9_t7_primer_1_	VR-20	96.970	33	1	0	343	375	249	281	7.86e-11	56.5
VR-12-2_pFC9_t7_primer_1_	VR-19	100.000	51	0	0	95	145	1	51	1.67e-22	95.3
VR-12-2_pFC9_t7_primer_1_	VR-19	100.000	30	0	0	346	375	252	281	7.86e-11	56.5
VR-12-2_pFC9_t7_primer_1_	VR-15	100.000	51	0	0	95	145	1	51	1.67e-22	95.3
VR-12-2_pFC9_t7_primer_1_	VR-15	100.000	30	0	0	346	375	252	281	7.86e-11	56.5
VR-12-2_pFC9_t7_primer_1_	VR-14	100.000	51	0	0	95	145	1	51	1.67e-22	95.3
VR-12-2_pFC9_t7_primer_1_	VR-14	94.872	39	1	1	337	375	244	281	6.08e-12	60.2
VR-12-2_pFC9_t7_primer_1_	VR-13	100.000	51	0	0	95	145	1	51	1.67e-22	95.3
VR-12-2_pFC9_t7_primer_1_	VR-13	100.000	30	0	0	346	375	252	281	7.86e-11	56.5
VR-12-2_pFC9_t7_primer_1_	VR-11	100.000	51	0	0	95	145	1	51	1.67e-22	95.3
VR-12-2_pFC9_t7_primer_1_	VR-11	100.000	30	0	0	346	375	252	281	7.86e-11	56.5
VR-12-2_pFC9_t7_primer_1_	VR-10	100.000	51	0	0	95	145	1	51	1.67e-22	95.3
VR-12-2_pFC9_t7_primer_1_	VR-10	100.000	31	0	0	345	375	251	281	2.19e-11	58.4
VR-12-2_pFC9_t7_primer_1_	VR-8	88.750	80	6	3	95	172	1	79	1.67e-22	95.3
VR-12-2_pFC9_t7_primer_1_	VR-8	100.000	30	0	0	346	375	252	281	7.86e-11	56.5
VR-12-2_pFC9_t7_primer_1_	VR-7	100.000	51	0	0	95	145	1	51	1.67e-22	95.3
VR-12-2_pFC9_t7_primer_1_	VR-7	100.000	31	0	0	345	375	251	281	2.19e-11	58.4
VR-12-2_pFC9_t7_primer_1_	VR-5	100.000	51	0	0	95	145	1	51	1.67e-22	95.3
VR-12-2_pFC9_t7_primer_1_	VR-5	100.000	30	0	0	346	375	252	281	7.86e-11	56.5
VR-12-2_pFC9_t7_primer_1_	VR-4	100.000	51	0	0	95	145	1	51	1.67e-22	95.3
VR-12-2_pFC9_t7_primer_1_	VR-4	92.500	40	3	0	336	375	242	281	2.19e-11	58.4
VR-12-2_pFC9_t7_primer_1_	VR-3	100.000	51	0	0	95	145	1	51	1.67e-22	95.3
VR-12-2_pFC9_t7_primer_1_	VR-3	100.000	30	0	0	346	375	252	281	7.86e-11	56.5
VR-12-2_pFC9_t7_primer_1_	VR-2	100.000	51	0	0	95	145	1	51	1.67e-22	95.3
VR-12-2_pFC9_t7_primer_1_	VR-2	100.000	31	0	0	345	375	251	281	2.19e-11	58.4
VR-12-3_pFC9_t7_primer_1_	VR-12	100.000	281	0	0	96	376	1	281	2.32e-150	520
VR-12-3_pFC9_t7_primer_1_	VR-30	100.000	53	0	0	96	148	1	53	1.29e-23	99.0
VR-12-3_pFC9_t7_primer_1_	VR-30	100.000	31	0	0	346	376	251	281	2.19e-11	58.4
VR-12-3_pFC9_t7_primer_1_	VR-18	100.000	53	0	0	96	148	1	53	1.29e-23	99.0
VR-12-3_pFC9_t7_primer_1_	VR-18	100.000	30	0	0	347	376	252	281	7.86e-11	56.5
VR-12-3_pFC9_t7_primer_1_	VR-17	98.214	56	1	0	96	151	1	56	1.29e-23	99.0
VR-12-3_pFC9_t7_primer_1_	VR-17	100.000	30	0	0	347	376	252	281	7.86e-11	56.5
VR-12-3_pFC9_t7_primer_1_	VR-21	100.000	52	0	0	96	147	1	52	4.63e-23	97.1
VR-12-3_pFC9_t7_primer_1_	VR-21	97.143	35	1	0	342	376	247	281	6.08e-12	60.2
VR-12-3_pFC9_t7_primer_1_	VR-16	100.000	52	0	0	96	147	1	52	4.63e-23	97.1
VR-12-3_pFC9_t7_primer_1_	VR-16	100.000	30	0	0	347	376	252	281	7.86e-11	56.5
VR-12-3_pFC9_t7_primer_1_	VR-9	98.182	55	1	0	96	150	1	55	4.63e-23	97.1
VR-12-3_pFC9_t7_primer_1_	VR-9	100.000	30	0	0	347	376	252	281	7.86e-11	56.5
VR-12-3_pFC9_t7_primer_1_	VR-6	100.000	52	0	0	96	147	1	52	4.63e-23	97.1
VR-12-3_pFC9_t7_primer_1_	VR-6	100.000	31	0	0	346	376	251	281	2.19e-11	58.4
VR-12-3_pFC9_t7_primer_1_	VR-1	100.000	52	0	0	96	147	1	52	4.63e-23	97.1
VR-12-3_pFC9_t7_primer_1_	VR-1	100.000	30	0	0	347	376	252	281	7.86e-11	56.5
VR-12-3_pFC9_t7_primer_1_	VR-31	100.000	51	0	0	96	146	1	51	1.67e-22	95.3
VR-12-3_pFC9_t7_primer_1_	VR-31	100.000	30	0	0	347	376	252	281	7.86e-11	56.5
VR-12-3_pFC9_t7_primer_1_	VR-29	100.000	51	0	0	96	146	1	51	1.67e-22	95.3
VR-12-3_pFC9_t7_primer_1_	VR-29	100.000	30	0	0	347	376	252	281	7.86e-11	56.5
VR-12-3_pFC9_t7_primer_1_	VR-28	100.000	51	0	0	96	146	1	51	1.67e-22	95.3
VR-12-3_pFC9_t7_primer_1_	VR-28	100.000	32	0	0	345	376	250	281	6.08e-12	60.2
VR-12-3_pFC9_t7_primer_1_	VR-27	100.000	51	0	0	96	146	1	51	1.67e-22	95.3
VR-12-3_pFC9_t7_primer_1_	VR-27	100.000	31	0	0	346	376	251	281	2.19e-11	58.4
VR-12-3_pFC9_t7_primer_1_	VR-26	100.000	51	0	0	96	146	1	51	1.67e-22	95.3
VR-12-3_pFC9_t7_primer_1_	VR-26	100.000	30	0	0	347	376	252	281	7.86e-11	56.5
VR-12-3_pFC9_t7_primer_1_	VR-25	100.000	51	0	0	96	146	1	51	1.67e-22	95.3
VR-12-3_pFC9_t7_primer_1_	VR-25	100.000	30	0	0	347	376	252	281	7.86e-11	56.5
VR-12-3_pFC9_t7_primer_1_	VR-24	100.000	51	0	0	96	146	1	51	1.67e-22	95.3
VR-12-3_pFC9_t7_primer_1_	VR-24	97.059	34	1	0	343	376	248	281	2.19e-11	58.4
VR-12-3_pFC9_t7_primer_1_	VR-23	100.000	51	0	0	96	146	1	51	1.67e-22	95.3
VR-12-3_pFC9_t7_primer_1_	VR-23	96.970	33	1	0	344	376	249	281	7.86e-11	56.5
VR-12-3_pFC9_t7_primer_1_	VR-22	100.000	51	0	0	96	146	1	51	1.67e-22	95.3
VR-12-3_pFC9_t7_primer_1_	VR-22	100.000	30	0	0	347	376	252	281	7.86e-11	56.5
VR-12-3_pFC9_t7_primer_1_	VR-20	100.000	51	0	0	96	146	1	51	1.67e-22	95.3
VR-12-3_pFC9_t7_primer_1_	VR-20	96.970	33	1	0	344	376	249	281	7.86e-11	56.5
VR-12-3_pFC9_t7_primer_1_	VR-19	100.000	51	0	0	96	146	1	51	1.67e-22	95.3
VR-12-3_pFC9_t7_primer_1_	VR-19	100.000	30	0	0	347	376	252	281	7.86e-11	56.5
VR-12-3_pFC9_t7_primer_1_	VR-15	100.000	51	0	0	96	146	1	51	1.67e-22	95.3
VR-12-3_pFC9_t7_primer_1_	VR-15	100.000	30	0	0	347	376	252	281	7.86e-11	56.5
VR-12-3_pFC9_t7_primer_1_	VR-14	100.000	51	0	0	96	146	1	51	1.67e-22	95.3
VR-12-3_pFC9_t7_primer_1_	VR-14	94.872	39	1	1	338	376	244	281	6.08e-12	60.2
VR-12-3_pFC9_t7_primer_1_	VR-13	100.000	51	0	0	96	146	1	51	1.67e-22	95.3
VR-12-3_pFC9_t7_primer_1_	VR-13	100.000	30	0	0	347	376	252	281	7.86e-11	56.5
VR-12-3_pFC9_t7_primer_1_	VR-11	100.000	51	0	0	96	146	1	51	1.67e-22	95.3
VR-12-3_pFC9_t7_primer_1_	VR-11	100.000	30	0	0	347	376	252	281	7.86e-11	56.5
VR-12-3_pFC9_t7_primer_1_	VR-10	100.000	51	0	0	96	146	1	51	1.67e-22	95.3
VR-12-3_pFC9_t7_primer_1_	VR-10	100.000	31	0	0	346	376	251	281	2.19e-11	58.4
VR-12-3_pFC9_t7_primer_1_	VR-8	88.750	80	6	3	96	173	1	79	1.67e-22	95.3
VR-12-3_pFC9_t7_primer_1_	VR-8	100.000	30	0	0	347	376	252	281	7.86e-11	56.5
VR-12-3_pFC9_t7_primer_1_	VR-7	100.000	51	0	0	96	146	1	51	1.67e-22	95.3
VR-12-3_pFC9_t7_primer_1_	VR-7	100.000	31	0	0	346	376	251	281	2.19e-11	58.4
VR-12-3_pFC9_t7_primer_1_	VR-5	100.000	51	0	0	96	146	1	51	1.67e-22	95.3
VR-12-3_pFC9_t7_primer_1_	VR-5	100.000	30	0	0	347	376	252	281	7.86e-11	56.5
VR-12-3_pFC9_t7_primer_1_	VR-4	100.000	51	0	0	96	146	1	51	1.67e-22	95.3
VR-12-3_pFC9_t7_primer_1_	VR-4	92.500	40	3	0	337	376	242	281	2.19e-11	58.4
VR-12-3_pFC9_t7_primer_1_	VR-3	100.000	51	0	0	96	146	1	51	1.67e-22	95.3
VR-12-3_pFC9_t7_primer_1_	VR-3	100.000	30	0	0	347	376	252	281	7.86e-11	56.5
VR-12-3_pFC9_t7_primer_1_	VR-2	100.000	51	0	0	96	146	1	51	1.67e-22	95.3
VR-12-3_pFC9_t7_primer_1_	VR-2	100.000	31	0	0	346	376	251	281	2.19e-11	58.4
VR-15-1_pFC9_t7_primer_1_	VR-15	92.000	200	12	2	95	294	1	196	1.42e-77	278
VR-15-1_pFC9_t7_primer_1_	VR-15	96.899	129	4	0	211	339	153	281	3.14e-59	217
VR-15-1_pFC9_t7_primer_1_	VR-19	78.689	183	33	4	95	276	1	178	3.28e-29	117
VR-15-1_pFC9_t7_primer_1_	VR-19	100.000	30	0	0	310	339	252	281	7.25e-11	56.5
VR-15-1_pFC9_t7_primer_1_	VR-25	98.246	57	1	0	95	151	1	57	3.30e-24	100
VR-15-1_pFC9_t7_primer_1_	VR-25	100.000	30	0	0	310	339	252	281	7.25e-11	56.5
VR-15-1_pFC9_t7_primer_1_	VR-23	76.410	195	38	3	95	281	1	195	1.19e-23	99.0
VR-15-1_pFC9_t7_primer_1_	VR-23	87.273	55	3	4	287	339	229	281	5.60e-12	60.2
VR-15-1_pFC9_t7_primer_1_	VR-14	100.000	53	0	0	95	147	1	53	1.19e-23	99.0
VR-15-1_pFC9_t7_primer_1_	VR-14	100.000	30	0	0	310	339	252	281	7.25e-11	56.5
VR-15-1_pFC9_t7_primer_1_	VR-29	100.000	52	0	0	95	146	1	52	4.27e-23	97.1
VR-15-1_pFC9_t7_primer_1_	VR-29	100.000	30	0	0	310	339	252	281	7.25e-11	56.5
VR-15-1_pFC9_t7_primer_1_	VR-28	98.214	56	0	1	95	150	1	55	4.27e-23	97.1
VR-15-1_pFC9_t7_primer_1_	VR-28	100.000	30	0	0	310	339	252	281	7.25e-11	56.5
VR-15-1_pFC9_t7_primer_1_	VR-22	100.000	52	0	0	95	146	1	52	4.27e-23	97.1
VR-15-1_pFC9_t7_primer_1_	VR-22	100.000	30	0	0	310	339	252	281	7.25e-11	56.5
VR-15-1_pFC9_t7_primer_1_	VR-21	98.182	55	1	0	95	149	1	55	4.27e-23	97.1
VR-15-1_pFC9_t7_primer_1_	VR-21	100.000	30	0	0	310	339	252	281	7.25e-11	56.5
VR-15-1_pFC9_t7_primer_1_	VR-8	100.000	52	0	0	95	146	1	52	4.27e-23	97.1
VR-15-1_pFC9_t7_primer_1_	VR-8	100.000	32	0	0	308	339	250	281	5.60e-12	60.2
VR-15-1_pFC9_t7_primer_1_	VR-5	100.000	52	0	0	95	146	1	52	4.27e-23	97.1
VR-15-1_pFC9_t7_primer_1_	VR-5	97.143	35	1	0	305	339	247	281	5.60e-12	60.2
VR-15-1_pFC9_t7_primer_1_	VR-4	100.000	52	0	0	95	146	1	52	4.27e-23	97.1
VR-15-1_pFC9_t7_primer_1_	VR-4	100.000	31	0	0	309	339	251	281	2.02e-11	58.4
VR-15-1_pFC9_t7_primer_1_	VR-31	100.000	51	0	0	95	145	1	51	1.54e-22	95.3
VR-15-1_pFC9_t7_primer_1_	VR-31	100.000	30	0	0	310	339	252	281	7.25e-11	56.5
VR-15-1_pFC9_t7_primer_1_	VR-30	100.000	51	0	0	95	145	1	51	1.54e-22	95.3
VR-15-1_pFC9_t7_primer_1_	VR-30	100.000	30	0	0	310	339	252	281	7.25e-11	56.5
VR-15-1_pFC9_t7_primer_1_	VR-27	100.000	51	0	0	95	145	1	51	1.54e-22	95.3
VR-15-1_pFC9_t7_primer_1_	VR-27	100.000	30	0	0	310	339	252	281	7.25e-11	56.5
VR-15-1_pFC9_t7_primer_1_	VR-26	100.000	51	0	0	95	145	1	51	1.54e-22	95.3
VR-15-1_pFC9_t7_primer_1_	VR-26	100.000	30	0	0	310	339	252	281	7.25e-11	56.5
VR-15-1_pFC9_t7_primer_1_	VR-24	100.000	51	0	0	95	145	1	51	1.54e-22	95.3
VR-15-1_pFC9_t7_primer_1_	VR-24	100.000	30	0	0	310	339	252	281	7.25e-11	56.5
VR-15-1_pFC9_t7_primer_1_	VR-20	100.000	51	0	0	95	145	1	51	1.54e-22	95.3
VR-15-1_pFC9_t7_primer_1_	VR-20	100.000	31	0	0	309	339	251	281	2.02e-11	58.4
VR-15-1_pFC9_t7_primer_1_	VR-18	100.000	51	0	0	95	145	1	51	1.54e-22	95.3
VR-15-1_pFC9_t7_primer_1_	VR-18	100.000	30	0	0	310	339	252	281	7.25e-11	56.5
VR-15-1_pFC9_t7_primer_1_	VR-17	100.000	51	0	0	95	145	1	51	1.54e-22	95.3
VR-15-1_pFC9_t7_primer_1_	VR-17	100.000	31	0	0	309	339	251	281	2.02e-11	58.4
VR-15-1_pFC9_t7_primer_1_	VR-16	100.000	51	0	0	95	145	1	51	1.54e-22	95.3
VR-15-1_pFC9_t7_primer_1_	VR-16	100.000	30	0	0	310	339	252	281	7.25e-11	56.5
VR-15-1_pFC9_t7_primer_1_	VR-13	100.000	51	0	0	95	145	1	51	1.54e-22	95.3
VR-15-1_pFC9_t7_primer_1_	VR-13	97.059	34	1	0	306	339	248	281	2.02e-11	58.4
VR-15-1_pFC9_t7_primer_1_	VR-12	100.000	51	0	0	95	145	1	51	1.54e-22	95.3
VR-15-1_pFC9_t7_primer_1_	VR-12	100.000	30	0	0	310	339	252	281	7.25e-11	56.5
VR-15-1_pFC9_t7_primer_1_	VR-11	100.000	51	0	0	95	145	1	51	1.54e-22	95.3
VR-15-1_pFC9_t7_primer_1_	VR-11	100.000	30	0	0	310	339	252	281	7.25e-11	56.5
VR-15-1_pFC9_t7_primer_1_	VR-10	100.000	51	0	0	95	145	1	51	1.54e-22	95.3
VR-15-1_pFC9_t7_primer_1_	VR-10	100.000	30	0	0	310	339	252	281	7.25e-11	56.5
VR-15-1_pFC9_t7_primer_1_	VR-9	100.000	51	0	0	95	145	1	51	1.54e-22	95.3
VR-15-1_pFC9_t7_primer_1_	VR-9	94.444	36	2	0	304	339	246	281	7.25e-11	56.5
VR-15-1_pFC9_t7_primer_1_	VR-7	100.000	51	0	0	95	145	1	51	1.54e-22	95.3
VR-15-1_pFC9_t7_primer_1_	VR-7	97.059	34	1	0	306	339	248	281	2.02e-11	58.4
VR-15-1_pFC9_t7_primer_1_	VR-6	100.000	51	0	0	95	145	1	51	1.54e-22	95.3
VR-15-1_pFC9_t7_primer_1_	VR-6	100.000	30	0	0	310	339	252	281	7.25e-11	56.5
VR-15-1_pFC9_t7_primer_1_	VR-3	100.000	51	0	0	95	145	1	51	1.54e-22	95.3
VR-15-1_pFC9_t7_primer_1_	VR-3	100.000	30	0	0	310	339	252	281	7.25e-11	56.5
VR-15-1_pFC9_t7_primer_1_	VR-2	100.000	51	0	0	95	145	1	51	1.54e-22	95.3
VR-15-1_pFC9_t7_primer_1_	VR-2	96.970	33	1	0	307	339	249	281	7.25e-11	56.5
VR-15-1_pFC9_t7_primer_1_	VR-1	98.182	55	0	1	95	149	1	54	1.54e-22	95.3
VR-15-1_pFC9_t7_primer_1_	VR-1	100.000	30	0	0	310	339	252	281	7.25e-11	56.5
VR-15-2_pFC9_t7_primer_1_	VR-15	100.000	281	0	0	96	376	1	281	2.32e-150	520
VR-15-2_pFC9_t7_primer_1_	VR-19	75.874	286	59	5	96	376	1	281	2.73e-35	137
VR-15-2_pFC9_t7_primer_1_	VR-23	75.517	290	53	11	96	376	1	281	5.91e-32	126
VR-15-2_pFC9_t7_primer_1_	VR-25	98.246	57	1	0	96	152	1	57	3.58e-24	100
VR-15-2_pFC9_t7_primer_1_	VR-25	100.000	30	0	0	347	376	252	281	7.86e-11	56.5
VR-15-2_pFC9_t7_primer_1_	VR-14	100.000	53	0	0	96	148	1	53	1.29e-23	99.0
VR-15-2_pFC9_t7_primer_1_	VR-14	100.000	30	0	0	347	376	252	281	7.86e-11	56.5
VR-15-2_pFC9_t7_primer_1_	VR-29	100.000	52	0	0	96	147	1	52	4.63e-23	97.1
VR-15-2_pFC9_t7_primer_1_	VR-29	100.000	30	0	0	347	376	252	281	7.86e-11	56.5
VR-15-2_pFC9_t7_primer_1_	VR-28	98.214	56	0	1	96	151	1	55	4.63e-23	97.1
VR-15-2_pFC9_t7_primer_1_	VR-28	100.000	30	0	0	347	376	252	281	7.86e-11	56.5
VR-15-2_pFC9_t7_primer_1_	VR-22	100.000	52	0	0	96	147	1	52	4.63e-23	97.1
VR-15-2_pFC9_t7_primer_1_	VR-22	100.000	30	0	0	347	376	252	281	7.86e-11	56.5
VR-15-2_pFC9_t7_primer_1_	VR-21	98.182	55	1	0	96	150	1	55	4.63e-23	97.1
VR-15-2_pFC9_t7_primer_1_	VR-21	100.000	30	0	0	347	376	252	281	7.86e-11	56.5
VR-15-2_pFC9_t7_primer_1_	VR-8	100.000	52	0	0	96	147	1	52	4.63e-23	97.1
VR-15-2_pFC9_t7_primer_1_	VR-8	100.000	32	0	0	345	376	250	281	6.08e-12	60.2
VR-15-2_pFC9_t7_primer_1_	VR-5	100.000	52	0	0	96	147	1	52	4.63e-23	97.1
VR-15-2_pFC9_t7_primer_1_	VR-5	97.143	35	1	0	342	376	247	281	6.08e-12	60.2
VR-15-2_pFC9_t7_primer_1_	VR-4	100.000	52	0	0	96	147	1	52	4.63e-23	97.1
VR-15-2_pFC9_t7_primer_1_	VR-4	100.000	31	0	0	346	376	251	281	2.19e-11	58.4
VR-15-2_pFC9_t7_primer_1_	VR-31	100.000	51	0	0	96	146	1	51	1.67e-22	95.3
VR-15-2_pFC9_t7_primer_1_	VR-31	100.000	30	0	0	347	376	252	281	7.86e-11	56.5
VR-15-2_pFC9_t7_primer_1_	VR-30	100.000	51	0	0	96	146	1	51	1.67e-22	95.3
VR-15-2_pFC9_t7_primer_1_	VR-30	100.000	30	0	0	347	376	252	281	7.86e-11	56.5
VR-15-2_pFC9_t7_primer_1_	VR-27	100.000	51	0	0	96	146	1	51	1.67e-22	95.3
VR-15-2_pFC9_t7_primer_1_	VR-27	100.000	30	0	0	347	376	252	281	7.86e-11	56.5
VR-15-2_pFC9_t7_primer_1_	VR-26	100.000	51	0	0	96	146	1	51	1.67e-22	95.3
VR-15-2_pFC9_t7_primer_1_	VR-26	100.000	30	0	0	347	376	252	281	7.86e-11	56.5
VR-15-2_pFC9_t7_primer_1_	VR-24	100.000	51	0	0	96	146	1	51	1.67e-22	95.3
VR-15-2_pFC9_t7_primer_1_	VR-24	100.000	30	0	0	347	376	252	281	7.86e-11	56.5
VR-15-2_pFC9_t7_primer_1_	VR-20	100.000	51	0	0	96	146	1	51	1.67e-22	95.3
VR-15-2_pFC9_t7_primer_1_	VR-20	100.000	31	0	0	346	376	251	281	2.19e-11	58.4
VR-15-2_pFC9_t7_primer_1_	VR-18	100.000	51	0	0	96	146	1	51	1.67e-22	95.3
VR-15-2_pFC9_t7_primer_1_	VR-18	100.000	30	0	0	347	376	252	281	7.86e-11	56.5
VR-15-2_pFC9_t7_primer_1_	VR-17	100.000	51	0	0	96	146	1	51	1.67e-22	95.3
VR-15-2_pFC9_t7_primer_1_	VR-17	100.000	31	0	0	346	376	251	281	2.19e-11	58.4
VR-15-2_pFC9_t7_primer_1_	VR-16	100.000	51	0	0	96	146	1	51	1.67e-22	95.3
VR-15-2_pFC9_t7_primer_1_	VR-16	100.000	30	0	0	347	376	252	281	7.86e-11	56.5
VR-15-2_pFC9_t7_primer_1_	VR-13	100.000	51	0	0	96	146	1	51	1.67e-22	95.3
VR-15-2_pFC9_t7_primer_1_	VR-13	97.059	34	1	0	343	376	248	281	2.19e-11	58.4
VR-15-2_pFC9_t7_primer_1_	VR-12	100.000	51	0	0	96	146	1	51	1.67e-22	95.3
VR-15-2_pFC9_t7_primer_1_	VR-12	100.000	30	0	0	347	376	252	281	7.86e-11	56.5
VR-15-2_pFC9_t7_primer_1_	VR-11	100.000	51	0	0	96	146	1	51	1.67e-22	95.3
VR-15-2_pFC9_t7_primer_1_	VR-11	100.000	30	0	0	347	376	252	281	7.86e-11	56.5
VR-15-2_pFC9_t7_primer_1_	VR-10	100.000	51	0	0	96	146	1	51	1.67e-22	95.3
VR-15-2_pFC9_t7_primer_1_	VR-10	100.000	30	0	0	347	376	252	281	7.86e-11	56.5
VR-15-2_pFC9_t7_primer_1_	VR-9	100.000	51	0	0	96	146	1	51	1.67e-22	95.3
VR-15-2_pFC9_t7_primer_1_	VR-9	94.444	36	2	0	341	376	246	281	7.86e-11	56.5
VR-15-2_pFC9_t7_primer_1_	VR-7	100.000	51	0	0	96	146	1	51	1.67e-22	95.3
VR-15-2_pFC9_t7_primer_1_	VR-7	97.059	34	1	0	343	376	248	281	2.19e-11	58.4
VR-15-2_pFC9_t7_primer_1_	VR-6	100.000	51	0	0	96	146	1	51	1.67e-22	95.3
VR-15-2_pFC9_t7_primer_1_	VR-6	100.000	30	0	0	347	376	252	281	7.86e-11	56.5
VR-15-2_pFC9_t7_primer_1_	VR-3	100.000	51	0	0	96	146	1	51	1.67e-22	95.3
VR-15-2_pFC9_t7_primer_1_	VR-3	100.000	30	0	0	347	376	252	281	7.86e-11	56.5
VR-15-2_pFC9_t7_primer_1_	VR-2	100.000	51	0	0	96	146	1	51	1.67e-22	95.3
VR-15-2_pFC9_t7_primer_1_	VR-2	96.970	33	1	0	344	376	249	281	7.86e-11	56.5
VR-15-2_pFC9_t7_primer_1_	VR-1	98.182	55	0	1	96	150	1	54	1.67e-22	95.3
VR-15-2_pFC9_t7_primer_1_	VR-1	100.000	30	0	0	347	376	252	281	7.86e-11	56.5
VR-15-3_pFC9_t7_primer_1_	VR-15	100.000	281	0	0	95	375	1	281	2.32e-150	520
VR-15-3_pFC9_t7_primer_1_	VR-19	75.874	286	59	5	95	375	1	281	2.73e-35	137
VR-15-3_pFC9_t7_primer_1_	VR-23	75.517	290	53	11	95	375	1	281	5.91e-32	126
VR-15-3_pFC9_t7_primer_1_	VR-25	98.246	57	1	0	95	151	1	57	3.58e-24	100
VR-15-3_pFC9_t7_primer_1_	VR-25	100.000	30	0	0	346	375	252	281	7.86e-11	56.5
VR-15-3_pFC9_t7_primer_1_	VR-14	100.000	53	0	0	95	147	1	53	1.29e-23	99.0
VR-15-3_pFC9_t7_primer_1_	VR-14	100.000	30	0	0	346	375	252	281	7.86e-11	56.5
VR-15-3_pFC9_t7_primer_1_	VR-29	100.000	52	0	0	95	146	1	52	4.63e-23	97.1
VR-15-3_pFC9_t7_primer_1_	VR-29	100.000	30	0	0	346	375	252	281	7.86e-11	56.5
VR-15-3_pFC9_t7_primer_1_	VR-28	98.214	56	0	1	95	150	1	55	4.63e-23	97.1
VR-15-3_pFC9_t7_primer_1_	VR-28	100.000	30	0	0	346	375	252	281	7.86e-11	56.5
VR-15-3_pFC9_t7_primer_1_	VR-22	100.000	52	0	0	95	146	1	52	4.63e-23	97.1
VR-15-3_pFC9_t7_primer_1_	VR-22	100.000	30	0	0	346	375	252	281	7.86e-11	56.5
VR-15-3_pFC9_t7_primer_1_	VR-21	98.182	55	1	0	95	149	1	55	4.63e-23	97.1
VR-15-3_pFC9_t7_primer_1_	VR-21	100.000	30	0	0	346	375	252	281	7.86e-11	56.5
VR-15-3_pFC9_t7_primer_1_	VR-8	100.000	52	0	0	95	146	1	52	4.63e-23	97.1
VR-15-3_pFC9_t7_primer_1_	VR-8	100.000	32	0	0	344	375	250	281	6.08e-12	60.2
VR-15-3_pFC9_t7_primer_1_	VR-5	100.000	52	0	0	95	146	1	52	4.63e-23	97.1
VR-15-3_pFC9_t7_primer_1_	VR-5	97.143	35	1	0	341	375	247	281	6.08e-12	60.2
VR-15-3_pFC9_t7_primer_1_	VR-4	100.000	52	0	0	95	146	1	52	4.63e-23	97.1
VR-15-3_pFC9_t7_primer_1_	VR-4	100.000	31	0	0	345	375	251	281	2.19e-11	58.4
VR-15-3_pFC9_t7_primer_1_	VR-31	100.000	51	0	0	95	145	1	51	1.67e-22	95.3
VR-15-3_pFC9_t7_primer_1_	VR-31	100.000	30	0	0	346	375	252	281	7.86e-11	56.5
VR-15-3_pFC9_t7_primer_1_	VR-30	100.000	51	0	0	95	145	1	51	1.67e-22	95.3
VR-15-3_pFC9_t7_primer_1_	VR-30	100.000	30	0	0	346	375	252	281	7.86e-11	56.5
VR-15-3_pFC9_t7_primer_1_	VR-27	100.000	51	0	0	95	145	1	51	1.67e-22	95.3
VR-15-3_pFC9_t7_primer_1_	VR-27	100.000	30	0	0	346	375	252	281	7.86e-11	56.5
VR-15-3_pFC9_t7_primer_1_	VR-26	100.000	51	0	0	95	145	1	51	1.67e-22	95.3
VR-15-3_pFC9_t7_primer_1_	VR-26	100.000	30	0	0	346	375	252	281	7.86e-11	56.5
VR-15-3_pFC9_t7_primer_1_	VR-24	100.000	51	0	0	95	145	1	51	1.67e-22	95.3
VR-15-3_pFC9_t7_primer_1_	VR-24	100.000	30	0	0	346	375	252	281	7.86e-11	56.5
VR-15-3_pFC9_t7_primer_1_	VR-20	100.000	51	0	0	95	145	1	51	1.67e-22	95.3
VR-15-3_pFC9_t7_primer_1_	VR-20	100.000	31	0	0	345	375	251	281	2.19e-11	58.4
VR-15-3_pFC9_t7_primer_1_	VR-18	100.000	51	0	0	95	145	1	51	1.67e-22	95.3
VR-15-3_pFC9_t7_primer_1_	VR-18	100.000	30	0	0	346	375	252	281	7.86e-11	56.5
VR-15-3_pFC9_t7_primer_1_	VR-17	100.000	51	0	0	95	145	1	51	1.67e-22	95.3
VR-15-3_pFC9_t7_primer_1_	VR-17	100.000	31	0	0	345	375	251	281	2.19e-11	58.4
VR-15-3_pFC9_t7_primer_1_	VR-16	100.000	51	0	0	95	145	1	51	1.67e-22	95.3
VR-15-3_pFC9_t7_primer_1_	VR-16	100.000	30	0	0	346	375	252	281	7.86e-11	56.5
VR-15-3_pFC9_t7_primer_1_	VR-13	100.000	51	0	0	95	145	1	51	1.67e-22	95.3
VR-15-3_pFC9_t7_primer_1_	VR-13	97.059	34	1	0	342	375	248	281	2.19e-11	58.4
VR-15-3_pFC9_t7_primer_1_	VR-12	100.000	51	0	0	95	145	1	51	1.67e-22	95.3
VR-15-3_pFC9_t7_primer_1_	VR-12	100.000	30	0	0	346	375	252	281	7.86e-11	56.5
VR-15-3_pFC9_t7_primer_1_	VR-11	100.000	51	0	0	95	145	1	51	1.67e-22	95.3
VR-15-3_pFC9_t7_primer_1_	VR-11	100.000	30	0	0	346	375	252	281	7.86e-11	56.5
VR-15-3_pFC9_t7_primer_1_	VR-10	100.000	51	0	0	95	145	1	51	1.67e-22	95.3
VR-15-3_pFC9_t7_primer_1_	VR-10	100.000	30	0	0	346	375	252	281	7.86e-11	56.5
VR-15-3_pFC9_t7_primer_1_	VR-9	100.000	51	0	0	95	145	1	51	1.67e-22	95.3
VR-15-3_pFC9_t7_primer_1_	VR-9	94.444	36	2	0	340	375	246	281	7.86e-11	56.5
VR-15-3_pFC9_t7_primer_1_	VR-7	100.000	51	0	0	95	145	1	51	1.67e-22	95.3
VR-15-3_pFC9_t7_primer_1_	VR-7	97.059	34	1	0	342	375	248	281	2.19e-11	58.4
VR-15-3_pFC9_t7_primer_1_	VR-6	100.000	51	0	0	95	145	1	51	1.67e-22	95.3
VR-15-3_pFC9_t7_primer_1_	VR-6	100.000	30	0	0	346	375	252	281	7.86e-11	56.5
VR-15-3_pFC9_t7_primer_1_	VR-3	100.000	51	0	0	95	145	1	51	1.67e-22	95.3
VR-15-3_pFC9_t7_primer_1_	VR-3	100.000	30	0	0	346	375	252	281	7.86e-11	56.5
VR-15-3_pFC9_t7_primer_1_	VR-2	100.000	51	0	0	95	145	1	51	1.67e-22	95.3
VR-15-3_pFC9_t7_primer_1_	VR-2	96.970	33	1	0	343	375	249	281	7.86e-11	56.5
VR-15-3_pFC9_t7_primer_1_	VR-1	98.182	55	0	1	95	149	1	54	1.67e-22	95.3
VR-15-3_pFC9_t7_primer_1_	VR-1	100.000	30	0	0	346	375	252	281	7.86e-11	56.5
VR-16-1_pFC9_t7_primer_1_	VR-16	97.761	134	3	0	146	279	148	281	1.22e-63	231
VR-16-1_pFC9_t7_primer_1_	VR-16	88.281	128	15	0	97	224	1	128	2.71e-40	154
VR-16-1_pFC9_t7_primer_1_	VR-6	100.000	53	0	0	97	149	1	53	1.29e-23	99.0
VR-16-1_pFC9_t7_primer_1_	VR-6	100.000	30	0	0	250	279	252	281	7.86e-11	56.5
VR-16-1_pFC9_t7_primer_1_	VR-30	100.000	52	0	0	97	148	1	52	4.63e-23	97.1
VR-16-1_pFC9_t7_primer_1_	VR-30	100.000	30	0	0	250	279	252	281	7.86e-11	56.5
VR-16-1_pFC9_t7_primer_1_	VR-21	100.000	52	0	0	97	148	1	52	4.63e-23	97.1
VR-16-1_pFC9_t7_primer_1_	VR-21	100.000	30	0	0	250	279	252	281	7.86e-11	56.5
VR-16-1_pFC9_t7_primer_1_	VR-18	100.000	52	0	0	97	148	1	52	4.63e-23	97.1
VR-16-1_pFC9_t7_primer_1_	VR-18	100.000	31	0	0	249	279	251	281	2.19e-11	58.4
VR-16-1_pFC9_t7_primer_1_	VR-17	100.000	52	0	0	97	148	1	52	4.63e-23	97.1
VR-16-1_pFC9_t7_primer_1_	VR-17	97.059	34	1	0	246	279	248	281	2.19e-11	58.4
VR-16-1_pFC9_t7_primer_1_	VR-12	100.000	52	0	0	97	148	1	52	4.63e-23	97.1
VR-16-1_pFC9_t7_primer_1_	VR-12	100.000	30	0	0	250	279	252	281	7.86e-11	56.5
VR-16-1_pFC9_t7_primer_1_	VR-1	100.000	52	0	0	97	148	1	52	4.63e-23	97.1
VR-16-1_pFC9_t7_primer_1_	VR-1	100.000	31	0	0	249	279	251	281	2.19e-11	58.4
VR-16-1_pFC9_t7_primer_1_	VR-31	100.000	51	0	0	97	147	1	51	1.67e-22	95.3
VR-16-1_pFC9_t7_primer_1_	VR-31	100.000	31	0	0	249	279	251	281	2.19e-11	58.4
VR-16-1_pFC9_t7_primer_1_	VR-29	100.000	51	0	0	97	147	1	51	1.67e-22	95.3
VR-16-1_pFC9_t7_primer_1_	VR-29	100.000	31	0	0	249	279	251	281	2.19e-11	58.4
VR-16-1_pFC9_t7_primer_1_	VR-28	100.000	51	0	0	97	147	1	51	1.67e-22	95.3
VR-16-1_pFC9_t7_primer_1_	VR-28	100.000	30	0	0	250	279	252	281	7.86e-11	56.5
VR-16-1_pFC9_t7_primer_1_	VR-27	100.000	51	0	0	97	147	1	51	1.67e-22	95.3
VR-16-1_pFC9_t7_primer_1_	VR-27	100.000	30	0	0	250	279	252	281	7.86e-11	56.5
VR-16-1_pFC9_t7_primer_1_	VR-26	100.000	51	0	0	97	147	1	51	1.67e-22	95.3
VR-16-1_pFC9_t7_primer_1_	VR-26	100.000	31	0	0	249	279	251	281	2.19e-11	58.4
VR-16-1_pFC9_t7_primer_1_	VR-25	100.000	51	0	0	97	147	1	51	1.67e-22	95.3
VR-16-1_pFC9_t7_primer_1_	VR-25	100.000	31	0	0	249	279	251	281	2.19e-11	58.4
VR-16-1_pFC9_t7_primer_1_	VR-24	100.000	51	0	0	97	147	1	51	1.67e-22	95.3
VR-16-1_pFC9_t7_primer_1_	VR-24	80.198	101	18	2	180	279	182	281	2.17e-16	75.0
VR-16-1_pFC9_t7_primer_1_	VR-23	100.000	51	0	0	97	147	1	51	1.67e-22	95.3
VR-16-1_pFC9_t7_primer_1_	VR-23	100.000	30	0	0	250	279	252	281	7.86e-11	56.5
VR-16-1_pFC9_t7_primer_1_	VR-22	100.000	51	0	0	97	147	1	51	1.67e-22	95.3
VR-16-1_pFC9_t7_primer_1_	VR-22	100.000	31	0	0	249	279	251	281	2.19e-11	58.4
VR-16-1_pFC9_t7_primer_1_	VR-20	100.000	51	0	0	97	147	1	51	1.67e-22	95.3
VR-16-1_pFC9_t7_primer_1_	VR-20	80.460	87	15	2	194	279	196	281	1.31e-13	65.8
VR-16-1_pFC9_t7_primer_1_	VR-19	100.000	51	0	0	97	147	1	51	1.67e-22	95.3
VR-16-1_pFC9_t7_primer_1_	VR-19	100.000	31	0	0	249	279	251	281	2.19e-11	58.4
VR-16-1_pFC9_t7_primer_1_	VR-15	100.000	51	0	0	97	147	1	51	1.67e-22	95.3
VR-16-1_pFC9_t7_primer_1_	VR-15	100.000	30	0	0	250	279	252	281	7.86e-11	56.5
VR-16-1_pFC9_t7_primer_1_	VR-14	100.000	51	0	0	97	147	1	51	1.67e-22	95.3
VR-16-1_pFC9_t7_primer_1_	VR-14	100.000	30	0	0	250	279	252	281	7.86e-11	56.5
VR-16-1_pFC9_t7_primer_1_	VR-13	100.000	51	0	0	97	147	1	51	1.67e-22	95.3
VR-16-1_pFC9_t7_primer_1_	VR-13	100.000	30	0	0	250	279	252	281	7.86e-11	56.5
VR-16-1_pFC9_t7_primer_1_	VR-11	100.000	51	0	0	97	147	1	51	1.67e-22	95.3
VR-16-1_pFC9_t7_primer_1_	VR-11	100.000	30	0	0	250	279	252	281	7.86e-11	56.5
VR-16-1_pFC9_t7_primer_1_	VR-10	100.000	51	0	0	97	147	1	51	1.67e-22	95.3
VR-16-1_pFC9_t7_primer_1_	VR-10	100.000	30	0	0	250	279	252	281	7.86e-11	56.5
VR-16-1_pFC9_t7_primer_1_	VR-9	100.000	51	0	0	97	147	1	51	1.67e-22	95.3
VR-16-1_pFC9_t7_primer_1_	VR-9	100.000	33	0	0	247	279	249	281	1.69e-12	62.1
VR-16-1_pFC9_t7_primer_1_	VR-8	100.000	51	0	0	97	147	1	51	1.67e-22	95.3
VR-16-1_pFC9_t7_primer_1_	VR-8	100.000	30	0	0	250	279	252	281	7.86e-11	56.5
VR-16-1_pFC9_t7_primer_1_	VR-7	100.000	51	0	0	97	147	1	51	1.67e-22	95.3
VR-16-1_pFC9_t7_primer_1_	VR-7	100.000	30	0	0	250	279	252	281	7.86e-11	56.5
VR-16-1_pFC9_t7_primer_1_	VR-5	100.000	51	0	0	97	147	1	51	1.67e-22	95.3
VR-16-1_pFC9_t7_primer_1_	VR-5	100.000	30	0	0	250	279	252	281	7.86e-11	56.5
VR-16-1_pFC9_t7_primer_1_	VR-4	100.000	51	0	0	97	147	1	51	1.67e-22	95.3
VR-16-1_pFC9_t7_primer_1_	VR-4	100.000	30	0	0	250	279	252	281	7.86e-11	56.5
VR-16-1_pFC9_t7_primer_1_	VR-3	100.000	51	0	0	97	147	1	51	1.67e-22	95.3
VR-16-1_pFC9_t7_primer_1_	VR-3	100.000	30	0	0	250	279	252	281	7.86e-11	56.5
VR-16-1_pFC9_t7_primer_1_	VR-2	100.000	51	0	0	97	147	1	51	1.67e-22	95.3
VR-16-1_pFC9_t7_primer_1_	VR-2	100.000	30	0	0	250	279	252	281	7.86e-11	56.5
VR-17-C1_pFC9_t7_primer_1_	VR-17	100.000	281	0	0	98	378	1	281	2.32e-150	520
VR-17-C1_pFC9_t7_primer_1_	VR-21	76.042	288	55	13	98	378	1	281	2.73e-35	137
VR-17-C1_pFC9_t7_primer_1_	VR-25	74.048	289	59	16	98	378	1	281	2.77e-25	104
VR-17-C1_pFC9_t7_primer_1_	VR-12	98.214	56	1	0	98	153	1	56	1.29e-23	99.0
VR-17-C1_pFC9_t7_primer_1_	VR-12	100.000	30	0	0	349	378	252	281	7.86e-11	56.5
VR-17-C1_pFC9_t7_primer_1_	VR-30	100.000	52	0	0	98	149	1	52	4.63e-23	97.1
VR-17-C1_pFC9_t7_primer_1_	VR-30	100.000	30	0	0	349	378	252	281	7.86e-11	56.5
VR-17-C1_pFC9_t7_primer_1_	VR-18	100.000	52	0	0	98	149	1	52	4.63e-23	97.1
VR-17-C1_pFC9_t7_primer_1_	VR-18	100.000	30	0	0	349	378	252	281	7.86e-11	56.5
VR-17-C1_pFC9_t7_primer_1_	VR-16	100.000	52	0	0	98	149	1	52	4.63e-23	97.1
VR-17-C1_pFC9_t7_primer_1_	VR-16	97.059	34	1	0	345	378	248	281	2.19e-11	58.4
VR-17-C1_pFC9_t7_primer_1_	VR-6	100.000	52	0	0	98	149	1	52	4.63e-23	97.1
VR-17-C1_pFC9_t7_primer_1_	VR-6	100.000	30	0	0	349	378	252	281	7.86e-11	56.5
VR-17-C1_pFC9_t7_primer_1_	VR-1	100.000	52	0	0	98	149	1	52	4.63e-23	97.1
VR-17-C1_pFC9_t7_primer_1_	VR-1	100.000	30	0	0	349	378	252	281	7.86e-11	56.5
VR-17-C1_pFC9_t7_primer_1_	VR-31	100.000	51	0	0	98	148	1	51	1.67e-22	95.3
VR-17-C1_pFC9_t7_primer_1_	VR-31	100.000	30	0	0	349	378	252	281	7.86e-11	56.5
VR-17-C1_pFC9_t7_primer_1_	VR-29	100.000	51	0	0	98	148	1	51	1.67e-22	95.3
VR-17-C1_pFC9_t7_primer_1_	VR-29	100.000	30	0	0	349	378	252	281	7.86e-11	56.5
VR-17-C1_pFC9_t7_primer_1_	VR-28	100.000	51	0	0	98	148	1	51	1.67e-22	95.3
VR-17-C1_pFC9_t7_primer_1_	VR-28	100.000	30	0	0	349	378	252	281	7.86e-11	56.5
VR-17-C1_pFC9_t7_primer_1_	VR-27	100.000	51	0	0	98	148	1	51	1.67e-22	95.3
VR-17-C1_pFC9_t7_primer_1_	VR-27	100.000	30	0	0	349	378	252	281	7.86e-11	56.5
VR-17-C1_pFC9_t7_primer_1_	VR-26	100.000	51	0	0	98	148	1	51	1.67e-22	95.3
VR-17-C1_pFC9_t7_primer_1_	VR-26	100.000	30	0	0	349	378	252	281	7.86e-11	56.5
VR-17-C1_pFC9_t7_primer_1_	VR-24	100.000	51	0	0	98	148	1	51	1.67e-22	95.3
VR-17-C1_pFC9_t7_primer_1_	VR-24	100.000	30	0	0	349	378	252	281	7.86e-11	56.5
VR-17-C1_pFC9_t7_primer_1_	VR-23	100.000	51	0	0	98	148	1	51	1.67e-22	95.3
VR-17-C1_pFC9_t7_primer_1_	VR-23	97.368	38	1	0	341	378	244	281	1.31e-13	65.8
VR-17-C1_pFC9_t7_primer_1_	VR-22	100.000	51	0	0	98	148	1	51	1.67e-22	95.3
VR-17-C1_pFC9_t7_primer_1_	VR-22	100.000	30	0	0	349	378	252	281	7.86e-11	56.5
VR-17-C1_pFC9_t7_primer_1_	VR-20	100.000	51	0	0	98	148	1	51	1.67e-22	95.3
VR-17-C1_pFC9_t7_primer_1_	VR-20	100.000	32	0	0	347	378	250	281	6.08e-12	60.2
VR-17-C1_pFC9_t7_primer_1_	VR-19	100.000	51	0	0	98	148	1	51	1.67e-22	95.3
VR-17-C1_pFC9_t7_primer_1_	VR-19	100.000	30	0	0	349	378	252	281	7.86e-11	56.5
VR-17-C1_pFC9_t7_primer_1_	VR-15	100.000	51	0	0	98	148	1	51	1.67e-22	95.3
VR-17-C1_pFC9_t7_primer_1_	VR-15	100.000	31	0	0	348	378	251	281	2.19e-11	58.4
VR-17-C1_pFC9_t7_primer_1_	VR-14	100.000	51	0	0	98	148	1	51	1.67e-22	95.3
VR-17-C1_pFC9_t7_primer_1_	VR-14	100.000	30	0	0	349	378	252	281	7.86e-11	56.5
VR-17-C1_pFC9_t7_primer_1_	VR-13	100.000	51	0	0	98	148	1	51	1.67e-22	95.3
VR-17-C1_pFC9_t7_primer_1_	VR-13	100.000	30	0	0	349	378	252	281	7.86e-11	56.5
VR-17-C1_pFC9_t7_primer_1_	VR-11	100.000	51	0	0	98	148	1	51	1.67e-22	95.3
VR-17-C1_pFC9_t7_primer_1_	VR-11	100.000	30	0	0	349	378	252	281	7.86e-11	56.5
VR-17-C1_pFC9_t7_primer_1_	VR-10	100.000	51	0	0	98	148	1	51	1.67e-22	95.3
VR-17-C1_pFC9_t7_primer_1_	VR-10	100.000	30	0	0	349	378	252	281	7.86e-11	56.5
VR-17-C1_pFC9_t7_primer_1_	VR-9	100.000	51	0	0	98	148	1	51	1.67e-22	95.3
VR-17-C1_pFC9_t7_primer_1_	VR-9	96.970	33	1	0	346	378	249	281	7.86e-11	56.5
VR-17-C1_pFC9_t7_primer_1_	VR-8	100.000	51	0	0	98	148	1	51	1.67e-22	95.3
VR-17-C1_pFC9_t7_primer_1_	VR-8	100.000	31	0	0	348	378	251	281	2.19e-11	58.4
VR-17-C1_pFC9_t7_primer_1_	VR-7	100.000	51	0	0	98	148	1	51	1.67e-22	95.3
VR-17-C1_pFC9_t7_primer_1_	VR-7	100.000	30	0	0	349	378	252	281	7.86e-11	56.5
VR-17-C1_pFC9_t7_primer_1_	VR-5	100.000	51	0	0	98	148	1	51	1.67e-22	95.3
VR-17-C1_pFC9_t7_primer_1_	VR-5	89.362	47	3	2	333	378	236	281	2.19e-11	58.4
VR-17-C1_pFC9_t7_primer_1_	VR-4	100.000	51	0	0	98	148	1	51	1.67e-22	95.3
VR-17-C1_pFC9_t7_primer_1_	VR-4	100.000	32	0	0	347	378	250	281	6.08e-12	60.2
VR-17-C1_pFC9_t7_primer_1_	VR-3	100.000	51	0	0	98	148	1	51	1.67e-22	95.3
VR-17-C1_pFC9_t7_primer_1_	VR-3	100.000	30	0	0	349	378	252	281	7.86e-11	56.5
VR-17-C1_pFC9_t7_primer_1_	VR-2	100.000	51	0	0	98	148	1	51	1.67e-22	95.3
VR-17-C1_pFC9_t7_primer_1_	VR-2	100.000	30	0	0	349	378	252	281	7.86e-11	56.5
VR-17-C2_pFC9_t7_primer_1_	VR-17	100.000	153	0	0	97	249	1	153	3.31e-79	283
VR-17-C2_pFC9_t7_primer_1_	VR-17	93.443	61	4	0	227	287	221	281	2.16e-21	91.6
VR-17-C2_pFC9_t7_primer_1_	VR-21	100.000	53	0	0	97	149	1	53	1.29e-23	99.0
VR-17-C2_pFC9_t7_primer_1_	VR-21	86.538	52	5	2	237	287	231	281	7.86e-11	56.5
VR-17-C2_pFC9_t7_primer_1_	VR-12	98.214	56	1	0	97	152	1	56	1.29e-23	99.0
VR-17-C2_pFC9_t7_primer_1_	VR-12	100.000	30	0	0	258	287	252	281	7.86e-11	56.5
VR-17-C2_pFC9_t7_primer_1_	VR-30	100.000	52	0	0	97	148	1	52	4.63e-23	97.1
VR-17-C2_pFC9_t7_primer_1_	VR-30	100.000	30	0	0	258	287	252	281	7.86e-11	56.5
VR-17-C2_pFC9_t7_primer_1_	VR-18	100.000	52	0	0	97	148	1	52	4.63e-23	97.1
VR-17-C2_pFC9_t7_primer_1_	VR-18	100.000	30	0	0	258	287	252	281	7.86e-11	56.5
VR-17-C2_pFC9_t7_primer_1_	VR-16	100.000	52	0	0	97	148	1	52	4.63e-23	97.1
VR-17-C2_pFC9_t7_primer_1_	VR-16	97.059	34	1	0	254	287	248	281	2.19e-11	58.4
VR-17-C2_pFC9_t7_primer_1_	VR-6	100.000	52	0	0	97	148	1	52	4.63e-23	97.1
VR-17-C2_pFC9_t7_primer_1_	VR-6	100.000	30	0	0	258	287	252	281	7.86e-11	56.5
VR-17-C2_pFC9_t7_primer_1_	VR-1	100.000	52	0	0	97	148	1	52	4.63e-23	97.1
VR-17-C2_pFC9_t7_primer_1_	VR-1	100.000	30	0	0	258	287	252	281	7.86e-11	56.5
VR-17-C2_pFC9_t7_primer_1_	VR-31	100.000	51	0	0	97	147	1	51	1.67e-22	95.3
VR-17-C2_pFC9_t7_primer_1_	VR-31	100.000	30	0	0	258	287	252	281	7.86e-11	56.5
VR-17-C2_pFC9_t7_primer_1_	VR-29	100.000	51	0	0	97	147	1	51	1.67e-22	95.3
VR-17-C2_pFC9_t7_primer_1_	VR-29	100.000	30	0	0	258	287	252	281	7.86e-11	56.5
VR-17-C2_pFC9_t7_primer_1_	VR-28	100.000	51	0	0	97	147	1	51	1.67e-22	95.3
VR-17-C2_pFC9_t7_primer_1_	VR-28	100.000	30	0	0	258	287	252	281	7.86e-11	56.5
VR-17-C2_pFC9_t7_primer_1_	VR-27	100.000	51	0	0	97	147	1	51	1.67e-22	95.3
VR-17-C2_pFC9_t7_primer_1_	VR-27	100.000	30	0	0	258	287	252	281	7.86e-11	56.5
VR-17-C2_pFC9_t7_primer_1_	VR-26	100.000	51	0	0	97	147	1	51	1.67e-22	95.3
VR-17-C2_pFC9_t7_primer_1_	VR-26	100.000	30	0	0	258	287	252	281	7.86e-11	56.5
VR-17-C2_pFC9_t7_primer_1_	VR-25	100.000	51	0	0	97	147	1	51	1.67e-22	95.3
VR-17-C2_pFC9_t7_primer_1_	VR-25	83.871	62	6	4	228	287	222	281	7.86e-11	56.5
VR-17-C2_pFC9_t7_primer_1_	VR-24	100.000	51	0	0	97	147	1	51	1.67e-22	95.3
VR-17-C2_pFC9_t7_primer_1_	VR-24	100.000	30	0	0	258	287	252	281	7.86e-11	56.5
VR-17-C2_pFC9_t7_primer_1_	VR-23	100.000	51	0	0	97	147	1	51	1.67e-22	95.3
VR-17-C2_pFC9_t7_primer_1_	VR-23	97.368	38	1	0	250	287	244	281	1.31e-13	65.8
VR-17-C2_pFC9_t7_primer_1_	VR-22	100.000	51	0	0	97	147	1	51	1.67e-22	95.3
VR-17-C2_pFC9_t7_primer_1_	VR-22	100.000	30	0	0	258	287	252	281	7.86e-11	56.5
VR-17-C2_pFC9_t7_primer_1_	VR-20	100.000	51	0	0	97	147	1	51	1.67e-22	95.3
VR-17-C2_pFC9_t7_primer_1_	VR-20	100.000	32	0	0	256	287	250	281	6.08e-12	60.2
VR-17-C2_pFC9_t7_primer_1_	VR-19	100.000	51	0	0	97	147	1	51	1.67e-22	95.3
VR-17-C2_pFC9_t7_primer_1_	VR-19	100.000	30	0	0	258	287	252	281	7.86e-11	56.5
VR-17-C2_pFC9_t7_primer_1_	VR-15	100.000	51	0	0	97	147	1	51	1.67e-22	95.3
VR-17-C2_pFC9_t7_primer_1_	VR-15	100.000	31	0	0	257	287	251	281	2.19e-11	58.4
VR-17-C2_pFC9_t7_primer_1_	VR-14	100.000	51	0	0	97	147	1	51	1.67e-22	95.3
VR-17-C2_pFC9_t7_primer_1_	VR-14	100.000	30	0	0	258	287	252	281	7.86e-11	56.5
VR-17-C2_pFC9_t7_primer_1_	VR-13	100.000	51	0	0	97	147	1	51	1.67e-22	95.3
VR-17-C2_pFC9_t7_primer_1_	VR-13	100.000	30	0	0	258	287	252	281	7.86e-11	56.5
VR-17-C2_pFC9_t7_primer_1_	VR-11	100.000	51	0	0	97	147	1	51	1.67e-22	95.3
VR-17-C2_pFC9_t7_primer_1_	VR-11	100.000	30	0	0	258	287	252	281	7.86e-11	56.5
VR-17-C2_pFC9_t7_primer_1_	VR-10	100.000	51	0	0	97	147	1	51	1.67e-22	95.3
VR-17-C2_pFC9_t7_primer_1_	VR-10	100.000	30	0	0	258	287	252	281	7.86e-11	56.5
VR-17-C2_pFC9_t7_primer_1_	VR-9	100.000	51	0	0	97	147	1	51	1.67e-22	95.3
VR-17-C2_pFC9_t7_primer_1_	VR-9	96.970	33	1	0	255	287	249	281	7.86e-11	56.5
VR-17-C2_pFC9_t7_primer_1_	VR-8	100.000	51	0	0	97	147	1	51	1.67e-22	95.3
VR-17-C2_pFC9_t7_primer_1_	VR-8	100.000	31	0	0	257	287	251	281	2.19e-11	58.4
VR-17-C2_pFC9_t7_primer_1_	VR-7	100.000	51	0	0	97	147	1	51	1.67e-22	95.3
VR-17-C2_pFC9_t7_primer_1_	VR-7	100.000	30	0	0	258	287	252	281	7.86e-11	56.5
VR-17-C2_pFC9_t7_primer_1_	VR-5	100.000	51	0	0	97	147	1	51	1.67e-22	95.3
VR-17-C2_pFC9_t7_primer_1_	VR-5	100.000	31	0	0	257	287	251	281	2.19e-11	58.4
VR-17-C2_pFC9_t7_primer_1_	VR-4	100.000	51	0	0	97	147	1	51	1.67e-22	95.3
VR-17-C2_pFC9_t7_primer_1_	VR-4	100.000	32	0	0	256	287	250	281	6.08e-12	60.2
VR-17-C2_pFC9_t7_primer_1_	VR-3	100.000	51	0	0	97	147	1	51	1.67e-22	95.3
VR-17-C2_pFC9_t7_primer_1_	VR-3	100.000	30	0	0	258	287	252	281	7.86e-11	56.5
VR-17-C2_pFC9_t7_primer_1_	VR-2	100.000	51	0	0	97	147	1	51	1.67e-22	95.3
VR-17-C2_pFC9_t7_primer_1_	VR-2	100.000	30	0	0	258	287	252	281	7.86e-11	56.5
VR-17-C3_pFC9_t7_primer_1_	VR-17	100.000	281	0	0	96	376	1	281	2.32e-150	520
VR-17-C3_pFC9_t7_primer_1_	VR-21	76.042	288	55	13	96	376	1	281	2.73e-35	137
VR-17-C3_pFC9_t7_primer_1_	VR-25	74.048	289	59	16	96	376	1	281	2.77e-25	104
VR-17-C3_pFC9_t7_primer_1_	VR-12	98.214	56	1	0	96	151	1	56	1.29e-23	99.0
VR-17-C3_pFC9_t7_primer_1_	VR-12	100.000	30	0	0	347	376	252	281	7.86e-11	56.5
VR-17-C3_pFC9_t7_primer_1_	VR-30	100.000	52	0	0	96	147	1	52	4.63e-23	97.1
VR-17-C3_pFC9_t7_primer_1_	VR-30	100.000	30	0	0	347	376	252	281	7.86e-11	56.5
VR-17-C3_pFC9_t7_primer_1_	VR-18	100.000	52	0	0	96	147	1	52	4.63e-23	97.1
VR-17-C3_pFC9_t7_primer_1_	VR-18	100.000	30	0	0	347	376	252	281	7.86e-11	56.5
VR-17-C3_pFC9_t7_primer_1_	VR-16	100.000	52	0	0	96	147	1	52	4.63e-23	97.1
VR-17-C3_pFC9_t7_primer_1_	VR-16	97.059	34	1	0	343	376	248	281	2.19e-11	58.4
VR-17-C3_pFC9_t7_primer_1_	VR-6	100.000	52	0	0	96	147	1	52	4.63e-23	97.1
VR-17-C3_pFC9_t7_primer_1_	VR-6	100.000	30	0	0	347	376	252	281	7.86e-11	56.5
VR-17-C3_pFC9_t7_primer_1_	VR-1	100.000	52	0	0	96	147	1	52	4.63e-23	97.1
VR-17-C3_pFC9_t7_primer_1_	VR-1	100.000	30	0	0	347	376	252	281	7.86e-11	56.5
VR-17-C3_pFC9_t7_primer_1_	VR-31	100.000	51	0	0	96	146	1	51	1.67e-22	95.3
VR-17-C3_pFC9_t7_primer_1_	VR-31	100.000	30	0	0	347	376	252	281	7.86e-11	56.5
VR-17-C3_pFC9_t7_primer_1_	VR-29	100.000	51	0	0	96	146	1	51	1.67e-22	95.3
VR-17-C3_pFC9_t7_primer_1_	VR-29	100.000	30	0	0	347	376	252	281	7.86e-11	56.5
VR-17-C3_pFC9_t7_primer_1_	VR-28	100.000	51	0	0	96	146	1	51	1.67e-22	95.3
VR-17-C3_pFC9_t7_primer_1_	VR-28	100.000	30	0	0	347	376	252	281	7.86e-11	56.5
VR-17-C3_pFC9_t7_primer_1_	VR-27	100.000	51	0	0	96	146	1	51	1.67e-22	95.3
VR-17-C3_pFC9_t7_primer_1_	VR-27	100.000	30	0	0	347	376	252	281	7.86e-11	56.5
VR-17-C3_pFC9_t7_primer_1_	VR-26	100.000	51	0	0	96	146	1	51	1.67e-22	95.3
VR-17-C3_pFC9_t7_primer_1_	VR-26	100.000	30	0	0	347	376	252	281	7.86e-11	56.5
VR-17-C3_pFC9_t7_primer_1_	VR-24	100.000	51	0	0	96	146	1	51	1.67e-22	95.3
VR-17-C3_pFC9_t7_primer_1_	VR-24	100.000	30	0	0	347	376	252	281	7.86e-11	56.5
VR-17-C3_pFC9_t7_primer_1_	VR-23	100.000	51	0	0	96	146	1	51	1.67e-22	95.3
VR-17-C3_pFC9_t7_primer_1_	VR-23	97.368	38	1	0	339	376	244	281	1.31e-13	65.8
VR-17-C3_pFC9_t7_primer_1_	VR-22	100.000	51	0	0	96	146	1	51	1.67e-22	95.3
VR-17-C3_pFC9_t7_primer_1_	VR-22	100.000	30	0	0	347	376	252	281	7.86e-11	56.5
VR-17-C3_pFC9_t7_primer_1_	VR-20	100.000	51	0	0	96	146	1	51	1.67e-22	95.3
VR-17-C3_pFC9_t7_primer_1_	VR-20	100.000	32	0	0	345	376	250	281	6.08e-12	60.2
VR-17-C3_pFC9_t7_primer_1_	VR-19	100.000	51	0	0	96	146	1	51	1.67e-22	95.3
VR-17-C3_pFC9_t7_primer_1_	VR-19	100.000	30	0	0	347	376	252	281	7.86e-11	56.5
VR-17-C3_pFC9_t7_primer_1_	VR-15	100.000	51	0	0	96	146	1	51	1.67e-22	95.3
VR-17-C3_pFC9_t7_primer_1_	VR-15	100.000	31	0	0	346	376	251	281	2.19e-11	58.4
VR-17-C3_pFC9_t7_primer_1_	VR-14	100.000	51	0	0	96	146	1	51	1.67e-22	95.3
VR-17-C3_pFC9_t7_primer_1_	VR-14	100.000	30	0	0	347	376	252	281	7.86e-11	56.5
VR-17-C3_pFC9_t7_primer_1_	VR-13	100.000	51	0	0	96	146	1	51	1.67e-22	95.3
VR-17-C3_pFC9_t7_primer_1_	VR-13	100.000	30	0	0	347	376	252	281	7.86e-11	56.5
VR-17-C3_pFC9_t7_primer_1_	VR-11	100.000	51	0	0	96	146	1	51	1.67e-22	95.3
VR-17-C3_pFC9_t7_primer_1_	VR-11	100.000	30	0	0	347	376	252	281	7.86e-11	56.5
VR-17-C3_pFC9_t7_primer_1_	VR-10	100.000	51	0	0	96	146	1	51	1.67e-22	95.3
VR-17-C3_pFC9_t7_primer_1_	VR-10	100.000	30	0	0	347	376	252	281	7.86e-11	56.5
VR-17-C3_pFC9_t7_primer_1_	VR-9	100.000	51	0	0	96	146	1	51	1.67e-22	95.3
VR-17-C3_pFC9_t7_primer_1_	VR-9	96.970	33	1	0	344	376	249	281	7.86e-11	56.5
VR-17-C3_pFC9_t7_primer_1_	VR-8	100.000	51	0	0	96	146	1	51	1.67e-22	95.3
VR-17-C3_pFC9_t7_primer_1_	VR-8	100.000	31	0	0	346	376	251	281	2.19e-11	58.4
VR-17-C3_pFC9_t7_primer_1_	VR-7	100.000	51	0	0	96	146	1	51	1.67e-22	95.3
VR-17-C3_pFC9_t7_primer_1_	VR-7	100.000	30	0	0	347	376	252	281	7.86e-11	56.5
VR-17-C3_pFC9_t7_primer_1_	VR-5	100.000	51	0	0	96	146	1	51	1.67e-22	95.3
VR-17-C3_pFC9_t7_primer_1_	VR-5	89.362	47	3	2	331	376	236	281	2.19e-11	58.4
VR-17-C3_pFC9_t7_primer_1_	VR-4	100.000	51	0	0	96	146	1	51	1.67e-22	95.3
VR-17-C3_pFC9_t7_primer_1_	VR-4	100.000	32	0	0	345	376	250	281	6.08e-12	60.2
VR-17-C3_pFC9_t7_primer_1_	VR-3	100.000	51	0	0	96	146	1	51	1.67e-22	95.3
VR-17-C3_pFC9_t7_primer_1_	VR-3	100.000	30	0	0	347	376	252	281	7.86e-11	56.5
VR-17-C3_pFC9_t7_primer_1_	VR-2	100.000	51	0	0	96	146	1	51	1.67e-22	95.3
VR-17-C3_pFC9_t7_primer_1_	VR-2	100.000	30	0	0	347	376	252	281	7.86e-11	56.5
VR-20-C1_pFC9_t7_primer_1_	VR-30	100.000	36	0	0	610	645	246	281	3.63e-14	67.6
VR-20-C1_pFC9_t7_primer_1_	VR-30	100.000	30	0	0	97	126	1	30	7.86e-11	56.5
VR-20-C1_pFC9_t7_primer_1_	VR-6	97.222	36	1	0	610	645	246	281	1.69e-12	62.1
VR-20-C1_pFC9_t7_primer_1_	VR-6	100.000	30	0	0	97	126	1	30	7.86e-11	56.5
VR-20-C1_pFC9_t7_primer_1_	VR-27	100.000	32	0	0	614	645	250	281	6.08e-12	60.2
VR-20-C1_pFC9_t7_primer_1_	VR-27	100.000	30	0	0	97	126	1	30	7.86e-11	56.5
VR-20-C1_pFC9_t7_primer_1_	VR-10	100.000	32	0	0	614	645	250	281	6.08e-12	60.2
VR-20-C1_pFC9_t7_primer_1_	VR-10	100.000	30	0	0	97	126	1	30	7.86e-11	56.5
VR-20-C1_pFC9_t7_primer_1_	VR-28	100.000	31	0	0	615	645	251	281	2.19e-11	58.4
VR-20-C1_pFC9_t7_primer_1_	VR-28	100.000	30	0	0	97	126	1	30	7.86e-11	56.5
VR-20-C1_pFC9_t7_primer_1_	VR-14	100.000	31	0	0	615	645	251	281	2.19e-11	58.4
VR-20-C1_pFC9_t7_primer_1_	VR-14	100.000	30	0	0	97	126	1	30	7.86e-11	56.5
VR-20-C1_pFC9_t7_primer_1_	VR-12	100.000	31	0	0	615	645	251	281	2.19e-11	58.4
VR-20-C1_pFC9_t7_primer_1_	VR-12	100.000	30	0	0	97	126	1	30	7.86e-11	56.5
VR-20-C1_pFC9_t7_primer_1_	VR-7	100.000	31	0	0	615	645	251	281	2.19e-11	58.4
VR-20-C1_pFC9_t7_primer_1_	VR-7	100.000	30	0	0	97	126	1	30	7.86e-11	56.5
VR-20-C1_pFC9_t7_primer_1_	VR-2	100.000	31	0	0	615	645	251	281	2.19e-11	58.4
VR-20-C1_pFC9_t7_primer_1_	VR-2	100.000	30	0	0	97	126	1	30	7.86e-11	56.5
VR-20-C1_pFC9_t7_primer_1_	VR-31	100.000	30	0	0	97	126	1	30	7.86e-11	56.5
VR-20-C1_pFC9_t7_primer_1_	VR-31	100.000	30	0	0	616	645	252	281	7.86e-11	56.5
VR-20-C1_pFC9_t7_primer_1_	VR-29	100.000	30	0	0	97	126	1	30	7.86e-11	56.5
VR-20-C1_pFC9_t7_primer_1_	VR-29	96.970	33	1	0	613	645	249	281	7.86e-11	56.5
VR-20-C1_pFC9_t7_primer_1_	VR-26	100.000	30	0	0	97	126	1	30	7.86e-11	56.5
VR-20-C1_pFC9_t7_primer_1_	VR-26	96.970	33	1	0	613	645	249	281	7.86e-11	56.5
VR-20-C1_pFC9_t7_primer_1_	VR-25	100.000	30	0	0	97	126	1	30	7.86e-11	56.5
VR-20-C1_pFC9_t7_primer_1_	VR-25	100.000	30	0	0	616	645	252	281	7.86e-11	56.5
VR-20-C1_pFC9_t7_primer_1_	VR-24	100.000	30	0	0	97	126	1	30	7.86e-11	56.5
VR-20-C1_pFC9_t7_primer_1_	VR-24	100.000	30	0	0	616	645	252	281	7.86e-11	56.5
VR-20-C1_pFC9_t7_primer_1_	VR-23	100.000	30	0	0	97	126	1	30	7.86e-11	56.5
VR-20-C1_pFC9_t7_primer_1_	VR-23	100.000	30	0	0	616	645	252	281	7.86e-11	56.5
VR-20-C1_pFC9_t7_primer_1_	VR-22	100.000	30	0	0	97	126	1	30	7.86e-11	56.5
VR-20-C1_pFC9_t7_primer_1_	VR-22	94.444	36	2	0	610	645	246	281	7.86e-11	56.5
VR-20-C1_pFC9_t7_primer_1_	VR-21	100.000	30	0	0	97	126	1	30	7.86e-11	56.5
VR-20-C1_pFC9_t7_primer_1_	VR-21	100.000	30	0	0	616	645	252	281	7.86e-11	56.5
VR-20-C1_pFC9_t7_primer_1_	VR-20	100.000	30	0	0	97	126	1	30	7.86e-11	56.5
VR-20-C1_pFC9_t7_primer_1_	VR-20	100.000	30	0	0	616	645	252	281	7.86e-11	56.5
VR-20-C1_pFC9_t7_primer_1_	VR-19	100.000	30	0	0	97	126	1	30	7.86e-11	56.5
VR-20-C1_pFC9_t7_primer_1_	VR-19	100.000	30	0	0	616	645	252	281	7.86e-11	56.5
VR-20-C1_pFC9_t7_primer_1_	VR-18	100.000	30	0	0	97	126	1	30	7.86e-11	56.5
VR-20-C1_pFC9_t7_primer_1_	VR-18	100.000	30	0	0	616	645	252	281	7.86e-11	56.5
VR-20-C1_pFC9_t7_primer_1_	VR-17	100.000	30	0	0	97	126	1	30	7.86e-11	56.5
VR-20-C1_pFC9_t7_primer_1_	VR-17	100.000	30	0	0	616	645	252	281	7.86e-11	56.5
VR-20-C1_pFC9_t7_primer_1_	VR-16	100.000	30	0	0	97	126	1	30	7.86e-11	56.5
VR-20-C1_pFC9_t7_primer_1_	VR-16	100.000	30	0	0	616	645	252	281	7.86e-11	56.5
VR-20-C1_pFC9_t7_primer_1_	VR-15	100.000	30	0	0	97	126	1	30	7.86e-11	56.5
VR-20-C1_pFC9_t7_primer_1_	VR-15	100.000	30	0	0	616	645	252	281	7.86e-11	56.5
VR-20-C1_pFC9_t7_primer_1_	VR-13	100.000	30	0	0	97	126	1	30	7.86e-11	56.5
VR-20-C1_pFC9_t7_primer_1_	VR-13	100.000	30	0	0	616	645	252	281	7.86e-11	56.5
VR-20-C1_pFC9_t7_primer_1_	VR-11	100.000	30	0	0	97	126	1	30	7.86e-11	56.5
VR-20-C1_pFC9_t7_primer_1_	VR-11	100.000	30	0	0	616	645	252	281	7.86e-11	56.5
VR-20-C1_pFC9_t7_primer_1_	VR-9	100.000	30	0	0	97	126	1	30	7.86e-11	56.5
VR-20-C1_pFC9_t7_primer_1_	VR-9	100.000	30	0	0	616	645	252	281	7.86e-11	56.5
VR-20-C1_pFC9_t7_primer_1_	VR-8	100.000	30	0	0	97	126	1	30	7.86e-11	56.5
VR-20-C1_pFC9_t7_primer_1_	VR-8	100.000	30	0	0	616	645	252	281	7.86e-11	56.5
VR-20-C1_pFC9_t7_primer_1_	VR-5	100.000	30	0	0	97	126	1	30	7.86e-11	56.5
VR-20-C1_pFC9_t7_primer_1_	VR-5	100.000	30	0	0	616	645	252	281	7.86e-11	56.5
VR-20-C1_pFC9_t7_primer_1_	VR-4	100.000	30	0	0	97	126	1	30	7.86e-11	56.5
VR-20-C1_pFC9_t7_primer_1_	VR-4	100.000	30	0	0	616	645	252	281	7.86e-11	56.5
VR-20-C1_pFC9_t7_primer_1_	VR-3	100.000	30	0	0	97	126	1	30	7.86e-11	56.5
VR-20-C1_pFC9_t7_primer_1_	VR-3	100.000	30	0	0	616	645	252	281	7.86e-11	56.5
VR-20-C1_pFC9_t7_primer_1_	VR-1	100.000	30	0	0	97	126	1	30	7.86e-11	56.5
VR-20-C1_pFC9_t7_primer_1_	VR-1	100.000	30	0	0	616	645	252	281	7.86e-11	56.5
VR-21-1_pFC9_t7_primer_1_	VR-30	100.000	36	0	0	607	642	246	281	3.63e-14	67.6
VR-21-1_pFC9_t7_primer_1_	VR-30	100.000	30	0	0	94	123	1	30	7.85e-11	56.5
VR-21-1_pFC9_t7_primer_1_	VR-6	97.222	36	1	0	607	642	246	281	1.69e-12	62.1
VR-21-1_pFC9_t7_primer_1_	VR-6	100.000	30	0	0	94	123	1	30	7.85e-11	56.5
VR-21-1_pFC9_t7_primer_1_	VR-27	100.000	32	0	0	611	642	250	281	6.07e-12	60.2
VR-21-1_pFC9_t7_primer_1_	VR-27	100.000	30	0	0	94	123	1	30	7.85e-11	56.5
VR-21-1_pFC9_t7_primer_1_	VR-10	100.000	32	0	0	611	642	250	281	6.07e-12	60.2
VR-21-1_pFC9_t7_primer_1_	VR-10	100.000	30	0	0	94	123	1	30	7.85e-11	56.5
VR-21-1_pFC9_t7_primer_1_	VR-28	100.000	31	0	0	612	642	251	281	2.18e-11	58.4
VR-21-1_pFC9_t7_primer_1_	VR-28	100.000	30	0	0	94	123	1	30	7.85e-11	56.5
VR-21-1_pFC9_t7_primer_1_	VR-14	100.000	31	0	0	612	642	251	281	2.18e-11	58.4
VR-21-1_pFC9_t7_primer_1_	VR-14	100.000	30	0	0	94	123	1	30	7.85e-11	56.5
VR-21-1_pFC9_t7_primer_1_	VR-12	100.000	31	0	0	612	642	251	281	2.18e-11	58.4
VR-21-1_pFC9_t7_primer_1_	VR-12	100.000	30	0	0	94	123	1	30	7.85e-11	56.5
VR-21-1_pFC9_t7_primer_1_	VR-7	100.000	31	0	0	612	642	251	281	2.18e-11	58.4
VR-21-1_pFC9_t7_primer_1_	VR-7	100.000	30	0	0	94	123	1	30	7.85e-11	56.5
VR-21-1_pFC9_t7_primer_1_	VR-2	100.000	31	0	0	612	642	251	281	2.18e-11	58.4
VR-21-1_pFC9_t7_primer_1_	VR-2	100.000	30	0	0	94	123	1	30	7.85e-11	56.5
VR-21-1_pFC9_t7_primer_1_	VR-31	100.000	30	0	0	94	123	1	30	7.85e-11	56.5
VR-21-1_pFC9_t7_primer_1_	VR-31	100.000	30	0	0	613	642	252	281	7.85e-11	56.5
VR-21-1_pFC9_t7_primer_1_	VR-29	100.000	30	0	0	94	123	1	30	7.85e-11	56.5
VR-21-1_pFC9_t7_primer_1_	VR-29	96.970	33	1	0	610	642	249	281	7.85e-11	56.5
VR-21-1_pFC9_t7_primer_1_	VR-26	100.000	30	0	0	94	123	1	30	7.85e-11	56.5
VR-21-1_pFC9_t7_primer_1_	VR-26	96.970	33	1	0	610	642	249	281	7.85e-11	56.5
VR-21-1_pFC9_t7_primer_1_	VR-25	100.000	30	0	0	94	123	1	30	7.85e-11	56.5
VR-21-1_pFC9_t7_primer_1_	VR-25	100.000	30	0	0	613	642	252	281	7.85e-11	56.5
VR-21-1_pFC9_t7_primer_1_	VR-24	100.000	30	0	0	94	123	1	30	7.85e-11	56.5
VR-21-1_pFC9_t7_primer_1_	VR-24	100.000	30	0	0	613	642	252	281	7.85e-11	56.5
VR-21-1_pFC9_t7_primer_1_	VR-23	100.000	30	0	0	94	123	1	30	7.85e-11	56.5
VR-21-1_pFC9_t7_primer_1_	VR-23	100.000	30	0	0	613	642	252	281	7.85e-11	56.5
VR-21-1_pFC9_t7_primer_1_	VR-22	100.000	30	0	0	94	123	1	30	7.85e-11	56.5
VR-21-1_pFC9_t7_primer_1_	VR-22	94.444	36	2	0	607	642	246	281	7.85e-11	56.5
VR-21-1_pFC9_t7_primer_1_	VR-21	100.000	30	0	0	94	123	1	30	7.85e-11	56.5
VR-21-1_pFC9_t7_primer_1_	VR-21	100.000	30	0	0	613	642	252	281	7.85e-11	56.5
VR-21-1_pFC9_t7_primer_1_	VR-20	100.000	30	0	0	94	123	1	30	7.85e-11	56.5
VR-21-1_pFC9_t7_primer_1_	VR-20	100.000	30	0	0	613	642	252	281	7.85e-11	56.5
VR-21-1_pFC9_t7_primer_1_	VR-19	100.000	30	0	0	94	123	1	30	7.85e-11	56.5
VR-21-1_pFC9_t7_primer_1_	VR-19	100.000	30	0	0	613	642	252	281	7.85e-11	56.5
VR-21-1_pFC9_t7_primer_1_	VR-18	100.000	30	0	0	94	123	1	30	7.85e-11	56.5
VR-21-1_pFC9_t7_primer_1_	VR-18	100.000	30	0	0	613	642	252	281	7.85e-11	56.5
VR-21-1_pFC9_t7_primer_1_	VR-17	100.000	30	0	0	94	123	1	30	7.85e-11	56.5
VR-21-1_pFC9_t7_primer_1_	VR-17	100.000	30	0	0	613	642	252	281	7.85e-11	56.5
VR-21-1_pFC9_t7_primer_1_	VR-16	100.000	30	0	0	94	123	1	30	7.85e-11	56.5
VR-21-1_pFC9_t7_primer_1_	VR-16	100.000	30	0	0	613	642	252	281	7.85e-11	56.5
VR-21-1_pFC9_t7_primer_1_	VR-15	100.000	30	0	0	94	123	1	30	7.85e-11	56.5
VR-21-1_pFC9_t7_primer_1_	VR-15	100.000	30	0	0	613	642	252	281	7.85e-11	56.5
VR-21-1_pFC9_t7_primer_1_	VR-13	100.000	30	0	0	94	123	1	30	7.85e-11	56.5
VR-21-1_pFC9_t7_primer_1_	VR-13	100.000	30	0	0	613	642	252	281	7.85e-11	56.5
VR-21-1_pFC9_t7_primer_1_	VR-11	100.000	30	0	0	94	123	1	30	7.85e-11	56.5
VR-21-1_pFC9_t7_primer_1_	VR-11	100.000	30	0	0	613	642	252	281	7.85e-11	56.5
VR-21-1_pFC9_t7_primer_1_	VR-9	100.000	30	0	0	94	123	1	30	7.85e-11	56.5
VR-21-1_pFC9_t7_primer_1_	VR-9	100.000	30	0	0	613	642	252	281	7.85e-11	56.5
VR-21-1_pFC9_t7_primer_1_	VR-8	100.000	30	0	0	94	123	1	30	7.85e-11	56.5
VR-21-1_pFC9_t7_primer_1_	VR-8	100.000	30	0	0	613	642	252	281	7.85e-11	56.5
VR-21-1_pFC9_t7_primer_1_	VR-5	100.000	30	0	0	94	123	1	30	7.85e-11	56.5
VR-21-1_pFC9_t7_primer_1_	VR-5	100.000	30	0	0	613	642	252	281	7.85e-11	56.5
VR-21-1_pFC9_t7_primer_1_	VR-4	100.000	30	0	0	94	123	1	30	7.85e-11	56.5
VR-21-1_pFC9_t7_primer_1_	VR-4	100.000	30	0	0	613	642	252	281	7.85e-11	56.5
VR-21-1_pFC9_t7_primer_1_	VR-3	100.000	30	0	0	94	123	1	30	7.85e-11	56.5
VR-21-1_pFC9_t7_primer_1_	VR-3	100.000	30	0	0	613	642	252	281	7.85e-11	56.5
VR-21-1_pFC9_t7_primer_1_	VR-1	100.000	30	0	0	94	123	1	30	7.85e-11	56.5
VR-21-1_pFC9_t7_primer_1_	VR-1	100.000	30	0	0	613	642	252	281	7.85e-11	56.5
VR-23-1_pFC9_t7_primer_1_	VR-23	100.000	281	0	0	96	376	1	281	2.32e-150	520
VR-23-1_pFC9_t7_primer_1_	VR-19	76.632	291	48	11	96	376	1	281	5.87e-37	143
VR-23-1_pFC9_t7_primer_1_	VR-15	75.517	290	53	11	96	376	1	281	5.91e-32	126
VR-23-1_pFC9_t7_primer_1_	VR-20	100.000	54	0	0	96	149	1	54	3.58e-24	100
VR-23-1_pFC9_t7_primer_1_	VR-20	100.000	33	0	0	344	376	249	281	1.69e-12	62.1
VR-23-1_pFC9_t7_primer_1_	VR-13	98.276	58	0	1	96	153	1	57	3.58e-24	100
VR-23-1_pFC9_t7_primer_1_	VR-13	100.000	30	0	0	347	376	252	281	7.86e-11	56.5
VR-23-1_pFC9_t7_primer_1_	VR-3	100.000	54	0	0	96	149	1	54	3.58e-24	100
VR-23-1_pFC9_t7_primer_1_	VR-3	100.000	30	0	0	347	376	252	281	7.86e-11	56.5
VR-23-1_pFC9_t7_primer_1_	VR-24	100.000	53	0	0	96	148	1	53	1.29e-23	99.0
VR-23-1_pFC9_t7_primer_1_	VR-24	96.970	33	1	0	344	376	249	281	7.86e-11	56.5
VR-23-1_pFC9_t7_primer_1_	VR-31	100.000	52	0	0	96	147	1	52	4.63e-23	97.1
VR-23-1_pFC9_t7_primer_1_	VR-31	100.000	30	0	0	347	376	252	281	7.86e-11	56.5
VR-23-1_pFC9_t7_primer_1_	VR-27	100.000	52	0	0	96	147	1	52	4.63e-23	97.1
VR-23-1_pFC9_t7_primer_1_	VR-27	100.000	30	0	0	347	376	252	281	7.86e-11	56.5
VR-23-1_pFC9_t7_primer_1_	VR-11	100.000	52	0	0	96	147	1	52	4.63e-23	97.1
VR-23-1_pFC9_t7_primer_1_	VR-11	100.000	30	0	0	347	376	252	281	7.86e-11	56.5
VR-23-1_pFC9_t7_primer_1_	VR-9	100.000	52	0	0	96	147	1	52	4.63e-23	97.1
VR-23-1_pFC9_t7_primer_1_	VR-9	100.000	30	0	0	347	376	252	281	7.86e-11	56.5
VR-23-1_pFC9_t7_primer_1_	VR-7	100.000	52	0	0	96	147	1	52	4.63e-23	97.1
VR-23-1_pFC9_t7_primer_1_	VR-7	100.000	30	0	0	347	376	252	281	7.86e-11	56.5
VR-23-1_pFC9_t7_primer_1_	VR-2	100.000	52	0	0	96	147	1	52	4.63e-23	97.1
VR-23-1_pFC9_t7_primer_1_	VR-2	100.000	30	0	0	347	376	252	281	7.86e-11	56.5
VR-23-1_pFC9_t7_primer_1_	VR-30	100.000	51	0	0	96	146	1	51	1.67e-22	95.3
VR-23-1_pFC9_t7_primer_1_	VR-30	100.000	30	0	0	347	376	252	281	7.86e-11	56.5
VR-23-1_pFC9_t7_primer_1_	VR-29	100.000	51	0	0	96	146	1	51	1.67e-22	95.3
VR-23-1_pFC9_t7_primer_1_	VR-29	100.000	30	0	0	347	376	252	281	7.86e-11	56.5
VR-23-1_pFC9_t7_primer_1_	VR-28	100.000	51	0	0	96	146	1	51	1.67e-22	95.3
VR-23-1_pFC9_t7_primer_1_	VR-28	100.000	30	0	0	347	376	252	281	7.86e-11	56.5
VR-23-1_pFC9_t7_primer_1_	VR-26	100.000	51	0	0	96	146	1	51	1.67e-22	95.3
VR-23-1_pFC9_t7_primer_1_	VR-26	100.000	30	0	0	347	376	252	281	7.86e-11	56.5
VR-23-1_pFC9_t7_primer_1_	VR-25	98.182	55	0	1	96	149	1	55	1.67e-22	95.3
VR-23-1_pFC9_t7_primer_1_	VR-25	100.000	30	0	0	347	376	252	281	7.86e-11	56.5
VR-23-1_pFC9_t7_primer_1_	VR-22	100.000	51	0	0	96	146	1	51	1.67e-22	95.3
VR-23-1_pFC9_t7_primer_1_	VR-22	100.000	30	0	0	347	376	252	281	7.86e-11	56.5
VR-23-1_pFC9_t7_primer_1_	VR-21	100.000	51	0	0	96	146	1	51	1.67e-22	95.3
VR-23-1_pFC9_t7_primer_1_	VR-21	96.970	33	1	0	344	376	249	281	7.86e-11	56.5
VR-23-1_pFC9_t7_primer_1_	VR-18	100.000	51	0	0	96	146	1	51	1.67e-22	95.3
VR-23-1_pFC9_t7_primer_1_	VR-18	100.000	30	0	0	347	376	252	281	7.86e-11	56.5
VR-23-1_pFC9_t7_primer_1_	VR-17	100.000	51	0	0	96	146	1	51	1.67e-22	95.3
VR-23-1_pFC9_t7_primer_1_	VR-17	97.368	38	1	0	339	376	244	281	1.31e-13	65.8
VR-23-1_pFC9_t7_primer_1_	VR-16	100.000	51	0	0	96	146	1	51	1.67e-22	95.3
VR-23-1_pFC9_t7_primer_1_	VR-16	100.000	30	0	0	347	376	252	281	7.86e-11	56.5
VR-23-1_pFC9_t7_primer_1_	VR-14	100.000	51	0	0	96	146	1	51	1.67e-22	95.3
VR-23-1_pFC9_t7_primer_1_	VR-14	97.059	34	0	1	344	376	248	281	7.86e-11	56.5
VR-23-1_pFC9_t7_primer_1_	VR-12	100.000	51	0	0	96	146	1	51	1.67e-22	95.3
VR-23-1_pFC9_t7_primer_1_	VR-12	96.970	33	1	0	344	376	249	281	7.86e-11	56.5
VR-23-1_pFC9_t7_primer_1_	VR-10	100.000	51	0	0	96	146	1	51	1.67e-22	95.3
VR-23-1_pFC9_t7_primer_1_	VR-10	100.000	30	0	0	347	376	252	281	7.86e-11	56.5
VR-23-1_pFC9_t7_primer_1_	VR-8	100.000	51	0	0	96	146	1	51	1.67e-22	95.3
VR-23-1_pFC9_t7_primer_1_	VR-8	94.737	38	1	1	340	376	244	281	2.19e-11	58.4
VR-23-1_pFC9_t7_primer_1_	VR-6	100.000	51	0	0	96	146	1	51	1.67e-22	95.3
VR-23-1_pFC9_t7_primer_1_	VR-6	100.000	30	0	0	347	376	252	281	7.86e-11	56.5
VR-23-1_pFC9_t7_primer_1_	VR-5	100.000	51	0	0	96	146	1	51	1.67e-22	95.3
VR-23-1_pFC9_t7_primer_1_	VR-5	100.000	31	0	0	346	376	251	281	2.19e-11	58.4
VR-23-1_pFC9_t7_primer_1_	VR-4	100.000	51	0	0	96	146	1	51	1.67e-22	95.3
VR-23-1_pFC9_t7_primer_1_	VR-4	100.000	33	0	0	344	376	249	281	1.69e-12	62.1
VR-23-1_pFC9_t7_primer_1_	VR-1	100.000	51	0	0	96	146	1	51	1.67e-22	95.3
VR-23-1_pFC9_t7_primer_1_	VR-1	92.500	40	2	1	337	376	243	281	7.86e-11	56.5
VR-23-2_pFC9_t7_primer_1_	VR-23	100.000	281	0	0	96	376	1	281	2.32e-150	520
VR-23-2_pFC9_t7_primer_1_	VR-19	76.632	291	48	11	96	376	1	281	5.87e-37	143
VR-23-2_pFC9_t7_primer_1_	VR-15	75.517	290	53	11	96	376	1	281	5.91e-32	126
VR-23-2_pFC9_t7_primer_1_	VR-20	100.000	54	0	0	96	149	1	54	3.58e-24	100
VR-23-2_pFC9_t7_primer_1_	VR-20	100.000	33	0	0	344	376	249	281	1.69e-12	62.1
VR-23-2_pFC9_t7_primer_1_	VR-13	98.276	58	0	1	96	153	1	57	3.58e-24	100
VR-23-2_pFC9_t7_primer_1_	VR-13	100.000	30	0	0	347	376	252	281	7.86e-11	56.5
VR-23-2_pFC9_t7_primer_1_	VR-3	100.000	54	0	0	96	149	1	54	3.58e-24	100
VR-23-2_pFC9_t7_primer_1_	VR-3	100.000	30	0	0	347	376	252	281	7.86e-11	56.5
VR-23-2_pFC9_t7_primer_1_	VR-24	100.000	53	0	0	96	148	1	53	1.29e-23	99.0
VR-23-2_pFC9_t7_primer_1_	VR-24	96.970	33	1	0	344	376	249	281	7.86e-11	56.5
VR-23-2_pFC9_t7_primer_1_	VR-31	100.000	52	0	0	96	147	1	52	4.63e-23	97.1
VR-23-2_pFC9_t7_primer_1_	VR-31	100.000	30	0	0	347	376	252	281	7.86e-11	56.5
VR-23-2_pFC9_t7_primer_1_	VR-27	100.000	52	0	0	96	147	1	52	4.63e-23	97.1
VR-23-2_pFC9_t7_primer_1_	VR-27	100.000	30	0	0	347	376	252	281	7.86e-11	56.5
VR-23-2_pFC9_t7_primer_1_	VR-11	100.000	52	0	0	96	147	1	52	4.63e-23	97.1
VR-23-2_pFC9_t7_primer_1_	VR-11	100.000	30	0	0	347	376	252	281	7.86e-11	56.5
VR-23-2_pFC9_t7_primer_1_	VR-9	100.000	52	0	0	96	147	1	52	4.63e-23	97.1
VR-23-2_pFC9_t7_primer_1_	VR-9	100.000	30	0	0	347	376	252	281	7.86e-11	56.5
VR-23-2_pFC9_t7_primer_1_	VR-7	100.000	52	0	0	96	147	1	52	4.63e-23	97.1
VR-23-2_pFC9_t7_primer_1_	VR-7	100.000	30	0	0	347	376	252	281	7.86e-11	56.5
VR-23-2_pFC9_t7_primer_1_	VR-2	100.000	52	0	0	96	147	1	52	4.63e-23	97.1
VR-23-2_pFC9_t7_primer_1_	VR-2	100.000	30	0	0	347	376	252	281	7.86e-11	56.5
VR-23-2_pFC9_t7_primer_1_	VR-30	100.000	51	0	0	96	146	1	51	1.67e-22	95.3
VR-23-2_pFC9_t7_primer_1_	VR-30	100.000	30	0	0	347	376	252	281	7.86e-11	56.5
VR-23-2_pFC9_t7_primer_1_	VR-29	100.000	51	0	0	96	146	1	51	1.67e-22	95.3
VR-23-2_pFC9_t7_primer_1_	VR-29	100.000	30	0	0	347	376	252	281	7.86e-11	56.5
VR-23-2_pFC9_t7_primer_1_	VR-28	100.000	51	0	0	96	146	1	51	1.67e-22	95.3
VR-23-2_pFC9_t7_primer_1_	VR-28	100.000	30	0	0	347	376	252	281	7.86e-11	56.5
VR-23-2_pFC9_t7_primer_1_	VR-26	100.000	51	0	0	96	146	1	51	1.67e-22	95.3
VR-23-2_pFC9_t7_primer_1_	VR-26	100.000	30	0	0	347	376	252	281	7.86e-11	56.5
VR-23-2_pFC9_t7_primer_1_	VR-25	98.182	55	0	1	96	149	1	55	1.67e-22	95.3
VR-23-2_pFC9_t7_primer_1_	VR-25	100.000	30	0	0	347	376	252	281	7.86e-11	56.5
VR-23-2_pFC9_t7_primer_1_	VR-22	100.000	51	0	0	96	146	1	51	1.67e-22	95.3
VR-23-2_pFC9_t7_primer_1_	VR-22	100.000	30	0	0	347	376	252	281	7.86e-11	56.5
VR-23-2_pFC9_t7_primer_1_	VR-21	100.000	51	0	0	96	146	1	51	1.67e-22	95.3
VR-23-2_pFC9_t7_primer_1_	VR-21	96.970	33	1	0	344	376	249	281	7.86e-11	56.5
VR-23-2_pFC9_t7_primer_1_	VR-18	100.000	51	0	0	96	146	1	51	1.67e-22	95.3
VR-23-2_pFC9_t7_primer_1_	VR-18	100.000	30	0	0	347	376	252	281	7.86e-11	56.5
VR-23-2_pFC9_t7_primer_1_	VR-17	100.000	51	0	0	96	146	1	51	1.67e-22	95.3
VR-23-2_pFC9_t7_primer_1_	VR-17	97.368	38	1	0	339	376	244	281	1.31e-13	65.8
VR-23-2_pFC9_t7_primer_1_	VR-16	100.000	51	0	0	96	146	1	51	1.67e-22	95.3
VR-23-2_pFC9_t7_primer_1_	VR-16	100.000	30	0	0	347	376	252	281	7.86e-11	56.5
VR-23-2_pFC9_t7_primer_1_	VR-14	100.000	51	0	0	96	146	1	51	1.67e-22	95.3
VR-23-2_pFC9_t7_primer_1_	VR-14	97.059	34	0	1	344	376	248	281	7.86e-11	56.5
VR-23-2_pFC9_t7_primer_1_	VR-12	100.000	51	0	0	96	146	1	51	1.67e-22	95.3
VR-23-2_pFC9_t7_primer_1_	VR-12	96.970	33	1	0	344	376	249	281	7.86e-11	56.5
VR-23-2_pFC9_t7_primer_1_	VR-10	100.000	51	0	0	96	146	1	51	1.67e-22	95.3
VR-23-2_pFC9_t7_primer_1_	VR-10	100.000	30	0	0	347	376	252	281	7.86e-11	56.5
VR-23-2_pFC9_t7_primer_1_	VR-8	100.000	51	0	0	96	146	1	51	1.67e-22	95.3
VR-23-2_pFC9_t7_primer_1_	VR-8	94.737	38	1	1	340	376	244	281	2.19e-11	58.4
VR-23-2_pFC9_t7_primer_1_	VR-6	100.000	51	0	0	96	146	1	51	1.67e-22	95.3
VR-23-2_pFC9_t7_primer_1_	VR-6	100.000	30	0	0	347	376	252	281	7.86e-11	56.5
VR-23-2_pFC9_t7_primer_1_	VR-5	100.000	51	0	0	96	146	1	51	1.67e-22	95.3
VR-23-2_pFC9_t7_primer_1_	VR-5	100.000	31	0	0	346	376	251	281	2.19e-11	58.4
VR-23-2_pFC9_t7_primer_1_	VR-4	100.000	51	0	0	96	146	1	51	1.67e-22	95.3
VR-23-2_pFC9_t7_primer_1_	VR-4	100.000	33	0	0	344	376	249	281	1.69e-12	62.1
VR-23-2_pFC9_t7_primer_1_	VR-1	100.000	51	0	0	96	146	1	51	1.67e-22	95.3
VR-23-2_pFC9_t7_primer_1_	VR-1	92.500	40	2	1	337	376	243	281	7.86e-11	56.5
VR-23-4_pFC9_t7_primer_1_	VR-23	100.000	281	0	0	93	373	1	281	2.32e-150	520
VR-23-4_pFC9_t7_primer_1_	VR-19	76.632	291	48	11	93	373	1	281	5.87e-37	143
VR-23-4_pFC9_t7_primer_1_	VR-15	75.517	290	53	11	93	373	1	281	5.91e-32	126
VR-23-4_pFC9_t7_primer_1_	VR-20	100.000	54	0	0	93	146	1	54	3.58e-24	100
VR-23-4_pFC9_t7_primer_1_	VR-20	100.000	33	0	0	341	373	249	281	1.69e-12	62.1
VR-23-4_pFC9_t7_primer_1_	VR-13	98.276	58	0	1	93	150	1	57	3.58e-24	100
VR-23-4_pFC9_t7_primer_1_	VR-13	100.000	30	0	0	344	373	252	281	7.86e-11	56.5
VR-23-4_pFC9_t7_primer_1_	VR-3	100.000	54	0	0	93	146	1	54	3.58e-24	100
VR-23-4_pFC9_t7_primer_1_	VR-3	100.000	30	0	0	344	373	252	281	7.86e-11	56.5
VR-23-4_pFC9_t7_primer_1_	VR-24	100.000	53	0	0	93	145	1	53	1.29e-23	99.0
VR-23-4_pFC9_t7_primer_1_	VR-24	96.970	33	1	0	341	373	249	281	7.86e-11	56.5
VR-23-4_pFC9_t7_primer_1_	VR-31	100.000	52	0	0	93	144	1	52	4.63e-23	97.1
VR-23-4_pFC9_t7_primer_1_	VR-31	100.000	30	0	0	344	373	252	281	7.86e-11	56.5
VR-23-4_pFC9_t7_primer_1_	VR-27	100.000	52	0	0	93	144	1	52	4.63e-23	97.1
VR-23-4_pFC9_t7_primer_1_	VR-27	100.000	30	0	0	344	373	252	281	7.86e-11	56.5
VR-23-4_pFC9_t7_primer_1_	VR-11	100.000	52	0	0	93	144	1	52	4.63e-23	97.1
VR-23-4_pFC9_t7_primer_1_	VR-11	100.000	30	0	0	344	373	252	281	7.86e-11	56.5
VR-23-4_pFC9_t7_primer_1_	VR-9	100.000	52	0	0	93	144	1	52	4.63e-23	97.1
VR-23-4_pFC9_t7_primer_1_	VR-9	100.000	30	0	0	344	373	252	281	7.86e-11	56.5
VR-23-4_pFC9_t7_primer_1_	VR-7	100.000	52	0	0	93	144	1	52	4.63e-23	97.1
VR-23-4_pFC9_t7_primer_1_	VR-7	100.000	30	0	0	344	373	252	281	7.86e-11	56.5
VR-23-4_pFC9_t7_primer_1_	VR-2	100.000	52	0	0	93	144	1	52	4.63e-23	97.1
VR-23-4_pFC9_t7_primer_1_	VR-2	100.000	30	0	0	344	373	252	281	7.86e-11	56.5
VR-23-4_pFC9_t7_primer_1_	VR-30	100.000	51	0	0	93	143	1	51	1.67e-22	95.3
VR-23-4_pFC9_t7_primer_1_	VR-30	100.000	30	0	0	344	373	252	281	7.86e-11	56.5
VR-23-4_pFC9_t7_primer_1_	VR-29	100.000	51	0	0	93	143	1	51	1.67e-22	95.3
VR-23-4_pFC9_t7_primer_1_	VR-29	100.000	30	0	0	344	373	252	281	7.86e-11	56.5
VR-23-4_pFC9_t7_primer_1_	VR-28	100.000	51	0	0	93	143	1	51	1.67e-22	95.3
VR-23-4_pFC9_t7_primer_1_	VR-28	100.000	30	0	0	344	373	252	281	7.86e-11	56.5
VR-23-4_pFC9_t7_primer_1_	VR-26	100.000	51	0	0	93	143	1	51	1.67e-22	95.3
VR-23-4_pFC9_t7_primer_1_	VR-26	100.000	30	0	0	344	373	252	281	7.86e-11	56.5
VR-23-4_pFC9_t7_primer_1_	VR-25	98.182	55	0	1	93	146	1	55	1.67e-22	95.3
VR-23-4_pFC9_t7_primer_1_	VR-25	100.000	30	0	0	344	373	252	281	7.86e-11	56.5
VR-23-4_pFC9_t7_primer_1_	VR-22	100.000	51	0	0	93	143	1	51	1.67e-22	95.3
VR-23-4_pFC9_t7_primer_1_	VR-22	100.000	30	0	0	344	373	252	281	7.86e-11	56.5
VR-23-4_pFC9_t7_primer_1_	VR-21	100.000	51	0	0	93	143	1	51	1.67e-22	95.3
VR-23-4_pFC9_t7_primer_1_	VR-21	96.970	33	1	0	341	373	249	281	7.86e-11	56.5
VR-23-4_pFC9_t7_primer_1_	VR-18	100.000	51	0	0	93	143	1	51	1.67e-22	95.3
VR-23-4_pFC9_t7_primer_1_	VR-18	100.000	30	0	0	344	373	252	281	7.86e-11	56.5
VR-23-4_pFC9_t7_primer_1_	VR-17	100.000	51	0	0	93	143	1	51	1.67e-22	95.3
VR-23-4_pFC9_t7_primer_1_	VR-17	97.368	38	1	0	336	373	244	281	1.31e-13	65.8
VR-23-4_pFC9_t7_primer_1_	VR-16	100.000	51	0	0	93	143	1	51	1.67e-22	95.3
VR-23-4_pFC9_t7_primer_1_	VR-16	100.000	30	0	0	344	373	252	281	7.86e-11	56.5
VR-23-4_pFC9_t7_primer_1_	VR-14	100.000	51	0	0	93	143	1	51	1.67e-22	95.3
VR-23-4_pFC9_t7_primer_1_	VR-14	97.059	34	0	1	341	373	248	281	7.86e-11	56.5
VR-23-4_pFC9_t7_primer_1_	VR-12	100.000	51	0	0	93	143	1	51	1.67e-22	95.3
VR-23-4_pFC9_t7_primer_1_	VR-12	96.970	33	1	0	341	373	249	281	7.86e-11	56.5
VR-23-4_pFC9_t7_primer_1_	VR-10	100.000	51	0	0	93	143	1	51	1.67e-22	95.3
VR-23-4_pFC9_t7_primer_1_	VR-10	100.000	30	0	0	344	373	252	281	7.86e-11	56.5
VR-23-4_pFC9_t7_primer_1_	VR-8	100.000	51	0	0	93	143	1	51	1.67e-22	95.3
VR-23-4_pFC9_t7_primer_1_	VR-8	94.737	38	1	1	337	373	244	281	2.19e-11	58.4
VR-23-4_pFC9_t7_primer_1_	VR-6	100.000	51	0	0	93	143	1	51	1.67e-22	95.3
VR-23-4_pFC9_t7_primer_1_	VR-6	100.000	30	0	0	344	373	252	281	7.86e-11	56.5
VR-23-4_pFC9_t7_primer_1_	VR-5	100.000	51	0	0	93	143	1	51	1.67e-22	95.3
VR-23-4_pFC9_t7_primer_1_	VR-5	100.000	31	0	0	343	373	251	281	2.19e-11	58.4
VR-23-4_pFC9_t7_primer_1_	VR-4	100.000	51	0	0	93	143	1	51	1.67e-22	95.3
VR-23-4_pFC9_t7_primer_1_	VR-4	100.000	33	0	0	341	373	249	281	1.69e-12	62.1
VR-23-4_pFC9_t7_primer_1_	VR-1	100.000	51	0	0	93	143	1	51	1.67e-22	95.3
VR-23-4_pFC9_t7_primer_1_	VR-1	92.500	40	2	1	334	373	243	281	7.86e-11	56.5
VR-25-1_pFC9_t7_primer_1_	VR-25	99.644	281	1	0	150	430	1	281	1.08e-148	514
VR-25-1_pFC9_t7_primer_1_	VR-21	77.003	287	54	12	150	430	1	281	2.71e-40	154
VR-25-1_pFC9_t7_primer_1_	VR-17	74.048	289	59	16	150	430	1	281	2.77e-25	104
VR-25-1_pFC9_t7_primer_1_	VR-19	98.305	59	0	1	150	208	1	58	9.96e-25	102
VR-25-1_pFC9_t7_primer_1_	VR-19	97.222	36	0	1	396	430	246	281	6.08e-12	60.2
VR-25-1_pFC9_t7_primer_1_	VR-15	98.246	57	1	0	150	206	1	57	3.58e-24	100
VR-25-1_pFC9_t7_primer_1_	VR-15	100.000	30	0	0	401	430	252	281	7.86e-11	56.5
VR-25-1_pFC9_t7_primer_1_	VR-8	100.000	53	0	0	150	202	1	53	1.29e-23	99.0
VR-25-1_pFC9_t7_primer_1_	VR-8	94.444	36	2	0	395	430	246	281	7.86e-11	56.5
VR-25-1_pFC9_t7_primer_1_	VR-3	98.246	57	0	1	150	206	1	56	1.29e-23	99.0
VR-25-1_pFC9_t7_primer_1_	VR-3	100.000	30	0	0	401	430	252	281	7.86e-11	56.5
VR-25-1_pFC9_t7_primer_1_	VR-29	100.000	52	0	0	150	201	1	52	4.63e-23	97.1
VR-25-1_pFC9_t7_primer_1_	VR-29	100.000	31	0	0	400	430	251	281	2.19e-11	58.4
VR-25-1_pFC9_t7_primer_1_	VR-28	98.214	56	0	1	150	205	1	55	4.63e-23	97.1
VR-25-1_pFC9_t7_primer_1_	VR-28	100.000	30	0	0	401	430	252	281	7.86e-11	56.5
VR-25-1_pFC9_t7_primer_1_	VR-22	100.000	52	0	0	150	201	1	52	4.63e-23	97.1
VR-25-1_pFC9_t7_primer_1_	VR-22	100.000	31	0	0	400	430	251	281	2.19e-11	58.4
VR-25-1_pFC9_t7_primer_1_	VR-20	98.214	56	0	1	150	205	1	55	4.63e-23	97.1
VR-25-1_pFC9_t7_primer_1_	VR-20	100.000	30	0	0	401	430	252	281	7.86e-11	56.5
VR-25-1_pFC9_t7_primer_1_	VR-14	100.000	52	0	0	150	201	1	52	4.63e-23	97.1
VR-25-1_pFC9_t7_primer_1_	VR-14	100.000	30	0	0	401	430	252	281	7.86e-11	56.5
VR-25-1_pFC9_t7_primer_1_	VR-13	98.214	56	0	1	150	205	1	55	4.63e-23	97.1
VR-25-1_pFC9_t7_primer_1_	VR-13	100.000	30	0	0	401	430	252	281	7.86e-11	56.5
VR-25-1_pFC9_t7_primer_1_	VR-5	100.000	52	0	0	150	201	1	52	4.63e-23	97.1
VR-25-1_pFC9_t7_primer_1_	VR-5	100.000	30	0	0	401	430	252	281	7.86e-11	56.5
VR-25-1_pFC9_t7_primer_1_	VR-4	100.000	52	0	0	150	201	1	52	4.63e-23	97.1
VR-25-1_pFC9_t7_primer_1_	VR-4	100.000	30	0	0	401	430	252	281	7.86e-11	56.5
VR-25-1_pFC9_t7_primer_1_	VR-31	100.000	51	0	0	150	200	1	51	1.67e-22	95.3
VR-25-1_pFC9_t7_primer_1_	VR-31	100.000	32	0	0	399	430	250	281	6.08e-12	60.2
VR-25-1_pFC9_t7_primer_1_	VR-30	100.000	51	0	0	150	200	1	51	1.67e-22	95.3
VR-25-1_pFC9_t7_primer_1_	VR-30	100.000	30	0	0	401	430	252	281	7.86e-11	56.5
VR-25-1_pFC9_t7_primer_1_	VR-27	100.000	51	0	0	150	200	1	51	1.67e-22	95.3
VR-25-1_pFC9_t7_primer_1_	VR-27	100.000	30	0	0	401	430	252	281	7.86e-11	56.5
VR-25-1_pFC9_t7_primer_1_	VR-26	100.000	51	0	0	150	200	1	51	1.67e-22	95.3
VR-25-1_pFC9_t7_primer_1_	VR-26	100.000	31	0	0	400	430	251	281	2.19e-11	58.4
VR-25-1_pFC9_t7_primer_1_	VR-24	100.000	51	0	0	150	200	1	51	1.67e-22	95.3
VR-25-1_pFC9_t7_primer_1_	VR-24	97.143	35	0	1	396	430	248	281	2.19e-11	58.4
VR-25-1_pFC9_t7_primer_1_	VR-23	98.182	55	0	1	150	204	1	54	1.67e-22	95.3
VR-25-1_pFC9_t7_primer_1_	VR-23	100.000	30	0	0	401	430	252	281	7.86e-11	56.5
VR-25-1_pFC9_t7_primer_1_	VR-18	100.000	51	0	0	150	200	1	51	1.67e-22	95.3
VR-25-1_pFC9_t7_primer_1_	VR-18	100.000	31	0	0	400	430	251	281	2.19e-11	58.4
VR-25-1_pFC9_t7_primer_1_	VR-16	100.000	51	0	0	150	200	1	51	1.67e-22	95.3
VR-25-1_pFC9_t7_primer_1_	VR-16	100.000	31	0	0	400	430	251	281	2.19e-11	58.4
VR-25-1_pFC9_t7_primer_1_	VR-12	100.000	51	0	0	150	200	1	51	1.67e-22	95.3
VR-25-1_pFC9_t7_primer_1_	VR-12	100.000	30	0	0	401	430	252	281	7.86e-11	56.5
VR-25-1_pFC9_t7_primer_1_	VR-11	96.552	58	1	1	150	206	1	58	1.67e-22	95.3
VR-25-1_pFC9_t7_primer_1_	VR-11	100.000	30	0	0	401	430	252	281	7.86e-11	56.5
VR-25-1_pFC9_t7_primer_1_	VR-10	100.000	51	0	0	150	200	1	51	1.67e-22	95.3
VR-25-1_pFC9_t7_primer_1_	VR-10	100.000	30	0	0	401	430	252	281	7.86e-11	56.5
VR-25-1_pFC9_t7_primer_1_	VR-9	100.000	51	0	0	150	200	1	51	1.67e-22	95.3
VR-25-1_pFC9_t7_primer_1_	VR-9	94.737	38	1	1	394	430	244	281	2.19e-11	58.4
VR-25-1_pFC9_t7_primer_1_	VR-7	100.000	51	0	0	150	200	1	51	1.67e-22	95.3
VR-25-1_pFC9_t7_primer_1_	VR-7	100.000	30	0	0	401	430	252	281	7.86e-11	56.5
VR-25-1_pFC9_t7_primer_1_	VR-6	100.000	51	0	0	150	200	1	51	1.67e-22	95.3
VR-25-1_pFC9_t7_primer_1_	VR-6	100.000	30	0	0	401	430	252	281	7.86e-11	56.5
VR-25-1_pFC9_t7_primer_1_	VR-2	100.000	51	0	0	150	200	1	51	1.67e-22	95.3
VR-25-1_pFC9_t7_primer_1_	VR-2	100.000	30	0	0	401	430	252	281	7.86e-11	56.5
VR-25-1_pFC9_t7_primer_1_	VR-1	100.000	51	0	0	150	200	1	51	1.67e-22	95.3
VR-25-1_pFC9_t7_primer_1_	VR-1	100.000	31	0	0	400	430	251	281	2.19e-11	58.4
VR-27-C1_pFC9_t7_primer_1_	VR-27	100.000	281	0	0	146	426	1	281	2.32e-150	520
VR-27-C1_pFC9_t7_primer_1_	VR-11	98.246	57	1	0	146	202	1	57	3.58e-24	100
VR-27-C1_pFC9_t7_primer_1_	VR-11	96.970	33	1	0	394	426	249	281	7.86e-11	56.5
VR-27-C1_pFC9_t7_primer_1_	VR-9	100.000	53	0	0	146	198	1	53	1.29e-23	99.0
VR-27-C1_pFC9_t7_primer_1_	VR-9	100.000	30	0	0	397	426	252	281	7.86e-11	56.5
VR-27-C1_pFC9_t7_primer_1_	VR-7	100.000	53	0	0	146	198	1	53	1.29e-23	99.0
VR-27-C1_pFC9_t7_primer_1_	VR-7	100.000	31	0	0	396	426	251	281	2.19e-11	58.4
VR-27-C1_pFC9_t7_primer_1_	VR-6	98.246	57	0	1	146	201	1	57	1.29e-23	99.0
VR-27-C1_pFC9_t7_primer_1_	VR-6	100.000	32	0	0	395	426	250	281	6.08e-12	60.2
VR-27-C1_pFC9_t7_primer_1_	VR-31	100.000	52	0	0	146	197	1	52	4.63e-23	97.1
VR-27-C1_pFC9_t7_primer_1_	VR-31	100.000	30	0	0	397	426	252	281	7.86e-11	56.5
VR-27-C1_pFC9_t7_primer_1_	VR-24	100.000	52	0	0	146	197	1	52	4.63e-23	97.1
VR-27-C1_pFC9_t7_primer_1_	VR-24	100.000	30	0	0	397	426	252	281	7.86e-11	56.5
VR-27-C1_pFC9_t7_primer_1_	VR-23	100.000	52	0	0	146	197	1	52	4.63e-23	97.1
VR-27-C1_pFC9_t7_primer_1_	VR-23	100.000	30	0	0	397	426	252	281	7.86e-11	56.5
VR-27-C1_pFC9_t7_primer_1_	VR-20	100.000	52	0	0	146	197	1	52	4.63e-23	97.1
VR-27-C1_pFC9_t7_primer_1_	VR-20	100.000	30	0	0	397	426	252	281	7.86e-11	56.5
VR-27-C1_pFC9_t7_primer_1_	VR-13	100.000	52	0	0	146	197	1	52	4.63e-23	97.1
VR-27-C1_pFC9_t7_primer_1_	VR-13	100.000	30	0	0	397	426	252	281	7.86e-11	56.5
VR-27-C1_pFC9_t7_primer_1_	VR-3	100.000	52	0	0	146	197	1	52	4.63e-23	97.1
VR-27-C1_pFC9_t7_primer_1_	VR-3	100.000	30	0	0	397	426	252	281	7.86e-11	56.5
VR-27-C1_pFC9_t7_primer_1_	VR-2	100.000	52	0	0	146	197	1	52	4.63e-23	97.1
VR-27-C1_pFC9_t7_primer_1_	VR-2	100.000	31	0	0	396	426	251	281	2.19e-11	58.4
VR-27-C1_pFC9_t7_primer_1_	VR-30	100.000	51	0	0	146	196	1	51	1.67e-22	95.3
VR-27-C1_pFC9_t7_primer_1_	VR-30	100.000	32	0	0	395	426	250	281	6.08e-12	60.2
VR-27-C1_pFC9_t7_primer_1_	VR-29	100.000	51	0	0	146	196	1	51	1.67e-22	95.3
VR-27-C1_pFC9_t7_primer_1_	VR-29	97.059	34	0	1	394	426	248	281	7.86e-11	56.5
VR-27-C1_pFC9_t7_primer_1_	VR-28	100.000	51	0	0	146	196	1	51	1.67e-22	95.3
VR-27-C1_pFC9_t7_primer_1_	VR-28	100.000	31	0	0	396	426	251	281	2.19e-11	58.4
VR-27-C1_pFC9_t7_primer_1_	VR-26	98.182	55	0	1	146	200	1	54	1.67e-22	95.3
VR-27-C1_pFC9_t7_primer_1_	VR-26	97.059	34	0	1	394	426	248	281	7.86e-11	56.5
VR-27-C1_pFC9_t7_primer_1_	VR-25	100.000	51	0	0	146	196	1	51	1.67e-22	95.3
VR-27-C1_pFC9_t7_primer_1_	VR-25	100.000	30	0	0	397	426	252	281	7.86e-11	56.5
VR-27-C1_pFC9_t7_primer_1_	VR-22	100.000	51	0	0	146	196	1	51	1.67e-22	95.3
VR-27-C1_pFC9_t7_primer_1_	VR-22	97.059	34	0	1	394	426	248	281	7.86e-11	56.5
VR-27-C1_pFC9_t7_primer_1_	VR-21	100.000	51	0	0	146	196	1	51	1.67e-22	95.3
VR-27-C1_pFC9_t7_primer_1_	VR-21	100.000	30	0	0	397	426	252	281	7.86e-11	56.5
VR-27-C1_pFC9_t7_primer_1_	VR-19	100.000	51	0	0	146	196	1	51	1.67e-22	95.3
VR-27-C1_pFC9_t7_primer_1_	VR-19	100.000	30	0	0	397	426	252	281	7.86e-11	56.5
VR-27-C1_pFC9_t7_primer_1_	VR-18	100.000	51	0	0	146	196	1	51	1.67e-22	95.3
VR-27-C1_pFC9_t7_primer_1_	VR-18	96.970	33	1	0	394	426	249	281	7.86e-11	56.5
VR-27-C1_pFC9_t7_primer_1_	VR-17	100.000	51	0	0	146	196	1	51	1.67e-22	95.3
VR-27-C1_pFC9_t7_primer_1_	VR-17	100.000	30	0	0	397	426	252	281	7.86e-11	56.5
VR-27-C1_pFC9_t7_primer_1_	VR-16	100.000	51	0	0	146	196	1	51	1.67e-22	95.3
VR-27-C1_pFC9_t7_primer_1_	VR-16	100.000	30	0	0	397	426	252	281	7.86e-11	56.5
VR-27-C1_pFC9_t7_primer_1_	VR-15	100.000	51	0	0	146	196	1	51	1.67e-22	95.3
VR-27-C1_pFC9_t7_primer_1_	VR-15	100.000	30	0	0	397	426	252	281	7.86e-11	56.5
VR-27-C1_pFC9_t7_primer_1_	VR-14	100.000	51	0	0	146	196	1	51	1.67e-22	95.3
VR-27-C1_pFC9_t7_primer_1_	VR-14	100.000	31	0	0	396	426	251	281	2.19e-11	58.4
VR-27-C1_pFC9_t7_primer_1_	VR-12	100.000	51	0	0	146	196	1	51	1.67e-22	95.3
VR-27-C1_pFC9_t7_primer_1_	VR-12	100.000	31	0	0	396	426	251	281	2.19e-11	58.4
VR-27-C1_pFC9_t7_primer_1_	VR-10	100.000	51	0	0	146	196	1	51	1.67e-22	95.3
VR-27-C1_pFC9_t7_primer_1_	VR-10	100.000	32	0	0	395	426	250	281	6.08e-12	60.2
VR-27-C1_pFC9_t7_primer_1_	VR-8	100.000	51	0	0	146	196	1	51	1.67e-22	95.3
VR-27-C1_pFC9_t7_primer_1_	VR-8	100.000	30	0	0	397	426	252	281	7.86e-11	56.5
VR-27-C1_pFC9_t7_primer_1_	VR-5	100.000	51	0	0	146	196	1	51	1.67e-22	95.3
VR-27-C1_pFC9_t7_primer_1_	VR-5	100.000	30	0	0	397	426	252	281	7.86e-11	56.5
VR-27-C1_pFC9_t7_primer_1_	VR-4	100.000	51	0	0	146	196	1	51	1.67e-22	95.3
VR-27-C1_pFC9_t7_primer_1_	VR-4	100.000	30	0	0	397	426	252	281	7.86e-11	56.5
VR-27-C1_pFC9_t7_primer_1_	VR-1	100.000	51	0	0	146	196	1	51	1.67e-22	95.3
VR-27-C1_pFC9_t7_primer_1_	VR-1	100.000	30	0	0	397	426	252	281	7.86e-11	56.5
VR-27-C3_pFC9_t7_primer_1_	VR-27	100.000	281	0	0	150	430	1	281	2.32e-150	520
VR-27-C3_pFC9_t7_primer_1_	VR-11	98.246	57	1	0	150	206	1	57	3.58e-24	100
VR-27-C3_pFC9_t7_primer_1_	VR-11	96.970	33	1	0	398	430	249	281	7.86e-11	56.5
VR-27-C3_pFC9_t7_primer_1_	VR-9	100.000	53	0	0	150	202	1	53	1.29e-23	99.0
VR-27-C3_pFC9_t7_primer_1_	VR-9	100.000	30	0	0	401	430	252	281	7.86e-11	56.5
VR-27-C3_pFC9_t7_primer_1_	VR-7	100.000	53	0	0	150	202	1	53	1.29e-23	99.0
VR-27-C3_pFC9_t7_primer_1_	VR-7	100.000	31	0	0	400	430	251	281	2.19e-11	58.4
VR-27-C3_pFC9_t7_primer_1_	VR-6	98.246	57	0	1	150	205	1	57	1.29e-23	99.0
VR-27-C3_pFC9_t7_primer_1_	VR-6	100.000	32	0	0	399	430	250	281	6.08e-12	60.2
VR-27-C3_pFC9_t7_primer_1_	VR-31	100.000	52	0	0	150	201	1	52	4.63e-23	97.1
VR-27-C3_pFC9_t7_primer_1_	VR-31	100.000	30	0	0	401	430	252	281	7.86e-11	56.5
VR-27-C3_pFC9_t7_primer_1_	VR-24	100.000	52	0	0	150	201	1	52	4.63e-23	97.1
VR-27-C3_pFC9_t7_primer_1_	VR-24	100.000	30	0	0	401	430	252	281	7.86e-11	56.5
VR-27-C3_pFC9_t7_primer_1_	VR-23	100.000	52	0	0	150	201	1	52	4.63e-23	97.1
VR-27-C3_pFC9_t7_primer_1_	VR-23	100.000	30	0	0	401	430	252	281	7.86e-11	56.5
VR-27-C3_pFC9_t7_primer_1_	VR-20	100.000	52	0	0	150	201	1	52	4.63e-23	97.1
VR-27-C3_pFC9_t7_primer_1_	VR-20	100.000	30	0	0	401	430	252	281	7.86e-11	56.5
VR-27-C3_pFC9_t7_primer_1_	VR-13	100.000	52	0	0	150	201	1	52	4.63e-23	97.1
VR-27-C3_pFC9_t7_primer_1_	VR-13	100.000	30	0	0	401	430	252	281	7.86e-11	56.5
VR-27-C3_pFC9_t7_primer_1_	VR-3	100.000	52	0	0	150	201	1	52	4.63e-23	97.1
VR-27-C3_pFC9_t7_primer_1_	VR-3	100.000	30	0	0	401	430	252	281	7.86e-11	56.5
VR-27-C3_pFC9_t7_primer_1_	VR-2	100.000	52	0	0	150	201	1	52	4.63e-23	97.1
VR-27-C3_pFC9_t7_primer_1_	VR-2	100.000	31	0	0	400	430	251	281	2.19e-11	58.4
VR-27-C3_pFC9_t7_primer_1_	VR-30	100.000	51	0	0	150	200	1	51	1.67e-22	95.3
VR-27-C3_pFC9_t7_primer_1_	VR-30	100.000	32	0	0	399	430	250	281	6.08e-12	60.2
VR-27-C3_pFC9_t7_primer_1_	VR-29	100.000	51	0	0	150	200	1	51	1.67e-22	95.3
VR-27-C3_pFC9_t7_primer_1_	VR-29	97.059	34	0	1	398	430	248	281	7.86e-11	56.5
VR-27-C3_pFC9_t7_primer_1_	VR-28	100.000	51	0	0	150	200	1	51	1.67e-22	95.3
VR-27-C3_pFC9_t7_primer_1_	VR-28	100.000	31	0	0	400	430	251	281	2.19e-11	58.4
VR-27-C3_pFC9_t7_primer_1_	VR-26	98.182	55	0	1	150	204	1	54	1.67e-22	95.3
VR-27-C3_pFC9_t7_primer_1_	VR-26	97.059	34	0	1	398	430	248	281	7.86e-11	56.5
VR-27-C3_pFC9_t7_primer_1_	VR-25	100.000	51	0	0	150	200	1	51	1.67e-22	95.3
VR-27-C3_pFC9_t7_primer_1_	VR-25	100.000	30	0	0	401	430	252	281	7.86e-11	56.5
VR-27-C3_pFC9_t7_primer_1_	VR-22	100.000	51	0	0	150	200	1	51	1.67e-22	95.3
VR-27-C3_pFC9_t7_primer_1_	VR-22	97.059	34	0	1	398	430	248	281	7.86e-11	56.5
VR-27-C3_pFC9_t7_primer_1_	VR-21	100.000	51	0	0	150	200	1	51	1.67e-22	95.3
VR-27-C3_pFC9_t7_primer_1_	VR-21	100.000	30	0	0	401	430	252	281	7.86e-11	56.5
VR-27-C3_pFC9_t7_primer_1_	VR-19	100.000	51	0	0	150	200	1	51	1.67e-22	95.3
VR-27-C3_pFC9_t7_primer_1_	VR-19	100.000	30	0	0	401	430	252	281	7.86e-11	56.5
VR-27-C3_pFC9_t7_primer_1_	VR-18	100.000	51	0	0	150	200	1	51	1.67e-22	95.3
VR-27-C3_pFC9_t7_primer_1_	VR-18	96.970	33	1	0	398	430	249	281	7.86e-11	56.5
VR-27-C3_pFC9_t7_primer_1_	VR-17	100.000	51	0	0	150	200	1	51	1.67e-22	95.3
VR-27-C3_pFC9_t7_primer_1_	VR-17	100.000	30	0	0	401	430	252	281	7.86e-11	56.5
VR-27-C3_pFC9_t7_primer_1_	VR-16	100.000	51	0	0	150	200	1	51	1.67e-22	95.3
VR-27-C3_pFC9_t7_primer_1_	VR-16	100.000	30	0	0	401	430	252	281	7.86e-11	56.5
VR-27-C3_pFC9_t7_primer_1_	VR-15	100.000	51	0	0	150	200	1	51	1.67e-22	95.3
VR-27-C3_pFC9_t7_primer_1_	VR-15	100.000	30	0	0	401	430	252	281	7.86e-11	56.5
VR-27-C3_pFC9_t7_primer_1_	VR-14	100.000	51	0	0	150	200	1	51	1.67e-22	95.3
VR-27-C3_pFC9_t7_primer_1_	VR-14	100.000	31	0	0	400	430	251	281	2.19e-11	58.4
VR-27-C3_pFC9_t7_primer_1_	VR-12	100.000	51	0	0	150	200	1	51	1.67e-22	95.3
VR-27-C3_pFC9_t7_primer_1_	VR-12	100.000	31	0	0	400	430	251	281	2.19e-11	58.4
VR-27-C3_pFC9_t7_primer_1_	VR-10	100.000	51	0	0	150	200	1	51	1.67e-22	95.3
VR-27-C3_pFC9_t7_primer_1_	VR-10	100.000	32	0	0	399	430	250	281	6.08e-12	60.2
VR-27-C3_pFC9_t7_primer_1_	VR-8	100.000	51	0	0	150	200	1	51	1.67e-22	95.3
VR-27-C3_pFC9_t7_primer_1_	VR-8	100.000	30	0	0	401	430	252	281	7.86e-11	56.5
VR-27-C3_pFC9_t7_primer_1_	VR-5	100.000	51	0	0	150	200	1	51	1.67e-22	95.3
VR-27-C3_pFC9_t7_primer_1_	VR-5	100.000	30	0	0	401	430	252	281	7.86e-11	56.5
VR-27-C3_pFC9_t7_primer_1_	VR-4	100.000	51	0	0	150	200	1	51	1.67e-22	95.3
VR-27-C3_pFC9_t7_primer_1_	VR-4	100.000	30	0	0	401	430	252	281	7.86e-11	56.5
VR-27-C3_pFC9_t7_primer_1_	VR-1	100.000	51	0	0	150	200	1	51	1.67e-22	95.3
VR-27-C3_pFC9_t7_primer_1_	VR-1	100.000	30	0	0	401	430	252	281	7.86e-11	56.5
VR-27-C4_pFC9_t7_primer_1_	VR-27	100.000	281	0	0	150	430	1	281	2.32e-150	520
VR-27-C4_pFC9_t7_primer_1_	VR-11	98.246	57	1	0	150	206	1	57	3.58e-24	100
VR-27-C4_pFC9_t7_primer_1_	VR-11	96.970	33	1	0	398	430	249	281	7.86e-11	56.5
VR-27-C4_pFC9_t7_primer_1_	VR-9	100.000	53	0	0	150	202	1	53	1.29e-23	99.0
VR-27-C4_pFC9_t7_primer_1_	VR-9	100.000	30	0	0	401	430	252	281	7.86e-11	56.5
VR-27-C4_pFC9_t7_primer_1_	VR-7	100.000	53	0	0	150	202	1	53	1.29e-23	99.0
VR-27-C4_pFC9_t7_primer_1_	VR-7	100.000	31	0	0	400	430	251	281	2.19e-11	58.4
VR-27-C4_pFC9_t7_primer_1_	VR-6	98.246	57	0	1	150	205	1	57	1.29e-23	99.0
VR-27-C4_pFC9_t7_primer_1_	VR-6	100.000	32	0	0	399	430	250	281	6.08e-12	60.2
VR-27-C4_pFC9_t7_primer_1_	VR-31	100.000	52	0	0	150	201	1	52	4.63e-23	97.1
VR-27-C4_pFC9_t7_primer_1_	VR-31	100.000	30	0	0	401	430	252	281	7.86e-11	56.5
VR-27-C4_pFC9_t7_primer_1_	VR-24	100.000	52	0	0	150	201	1	52	4.63e-23	97.1
VR-27-C4_pFC9_t7_primer_1_	VR-24	100.000	30	0	0	401	430	252	281	7.86e-11	56.5
VR-27-C4_pFC9_t7_primer_1_	VR-23	100.000	52	0	0	150	201	1	52	4.63e-23	97.1
VR-27-C4_pFC9_t7_primer_1_	VR-23	100.000	30	0	0	401	430	252	281	7.86e-11	56.5
VR-27-C4_pFC9_t7_primer_1_	VR-20	100.000	52	0	0	150	201	1	52	4.63e-23	97.1
VR-27-C4_pFC9_t7_primer_1_	VR-20	100.000	30	0	0	401	430	252	281	7.86e-11	56.5
VR-27-C4_pFC9_t7_primer_1_	VR-13	100.000	52	0	0	150	201	1	52	4.63e-23	97.1
VR-27-C4_pFC9_t7_primer_1_	VR-13	100.000	30	0	0	401	430	252	281	7.86e-11	56.5
VR-27-C4_pFC9_t7_primer_1_	VR-3	100.000	52	0	0	150	201	1	52	4.63e-23	97.1
VR-27-C4_pFC9_t7_primer_1_	VR-3	100.000	30	0	0	401	430	252	281	7.86e-11	56.5
VR-27-C4_pFC9_t7_primer_1_	VR-2	100.000	52	0	0	150	201	1	52	4.63e-23	97.1
VR-27-C4_pFC9_t7_primer_1_	VR-2	100.000	31	0	0	400	430	251	281	2.19e-11	58.4
VR-27-C4_pFC9_t7_primer_1_	VR-30	100.000	51	0	0	150	200	1	51	1.67e-22	95.3
VR-27-C4_pFC9_t7_primer_1_	VR-30	100.000	32	0	0	399	430	250	281	6.08e-12	60.2
VR-27-C4_pFC9_t7_primer_1_	VR-29	100.000	51	0	0	150	200	1	51	1.67e-22	95.3
VR-27-C4_pFC9_t7_primer_1_	VR-29	97.059	34	0	1	398	430	248	281	7.86e-11	56.5
VR-27-C4_pFC9_t7_primer_1_	VR-28	100.000	51	0	0	150	200	1	51	1.67e-22	95.3
VR-27-C4_pFC9_t7_primer_1_	VR-28	100.000	31	0	0	400	430	251	281	2.19e-11	58.4
VR-27-C4_pFC9_t7_primer_1_	VR-26	98.182	55	0	1	150	204	1	54	1.67e-22	95.3
VR-27-C4_pFC9_t7_primer_1_	VR-26	97.059	34	0	1	398	430	248	281	7.86e-11	56.5
VR-27-C4_pFC9_t7_primer_1_	VR-25	100.000	51	0	0	150	200	1	51	1.67e-22	95.3
VR-27-C4_pFC9_t7_primer_1_	VR-25	100.000	30	0	0	401	430	252	281	7.86e-11	56.5
VR-27-C4_pFC9_t7_primer_1_	VR-22	100.000	51	0	0	150	200	1	51	1.67e-22	95.3
VR-27-C4_pFC9_t7_primer_1_	VR-22	97.059	34	0	1	398	430	248	281	7.86e-11	56.5
VR-27-C4_pFC9_t7_primer_1_	VR-21	100.000	51	0	0	150	200	1	51	1.67e-22	95.3
VR-27-C4_pFC9_t7_primer_1_	VR-21	100.000	30	0	0	401	430	252	281	7.86e-11	56.5
VR-27-C4_pFC9_t7_primer_1_	VR-19	100.000	51	0	0	150	200	1	51	1.67e-22	95.3
VR-27-C4_pFC9_t7_primer_1_	VR-19	100.000	30	0	0	401	430	252	281	7.86e-11	56.5
VR-27-C4_pFC9_t7_primer_1_	VR-18	100.000	51	0	0	150	200	1	51	1.67e-22	95.3
VR-27-C4_pFC9_t7_primer_1_	VR-18	96.970	33	1	0	398	430	249	281	7.86e-11	56.5
VR-27-C4_pFC9_t7_primer_1_	VR-17	100.000	51	0	0	150	200	1	51	1.67e-22	95.3
VR-27-C4_pFC9_t7_primer_1_	VR-17	100.000	30	0	0	401	430	252	281	7.86e-11	56.5
VR-27-C4_pFC9_t7_primer_1_	VR-16	100.000	51	0	0	150	200	1	51	1.67e-22	95.3
VR-27-C4_pFC9_t7_primer_1_	VR-16	100.000	30	0	0	401	430	252	281	7.86e-11	56.5
VR-27-C4_pFC9_t7_primer_1_	VR-15	100.000	51	0	0	150	200	1	51	1.67e-22	95.3
VR-27-C4_pFC9_t7_primer_1_	VR-15	100.000	30	0	0	401	430	252	281	7.86e-11	56.5
VR-27-C4_pFC9_t7_primer_1_	VR-14	100.000	51	0	0	150	200	1	51	1.67e-22	95.3
VR-27-C4_pFC9_t7_primer_1_	VR-14	100.000	31	0	0	400	430	251	281	2.19e-11	58.4
VR-27-C4_pFC9_t7_primer_1_	VR-12	100.000	51	0	0	150	200	1	51	1.67e-22	95.3
VR-27-C4_pFC9_t7_primer_1_	VR-12	100.000	31	0	0	400	430	251	281	2.19e-11	58.4
VR-27-C4_pFC9_t7_primer_1_	VR-10	100.000	51	0	0	150	200	1	51	1.67e-22	95.3
VR-27-C4_pFC9_t7_primer_1_	VR-10	100.000	32	0	0	399	430	250	281	6.08e-12	60.2
VR-27-C4_pFC9_t7_primer_1_	VR-8	100.000	51	0	0	150	200	1	51	1.67e-22	95.3
VR-27-C4_pFC9_t7_primer_1_	VR-8	100.000	30	0	0	401	430	252	281	7.86e-11	56.5
VR-27-C4_pFC9_t7_primer_1_	VR-5	100.000	51	0	0	150	200	1	51	1.67e-22	95.3
VR-27-C4_pFC9_t7_primer_1_	VR-5	100.000	30	0	0	401	430	252	281	7.86e-11	56.5
VR-27-C4_pFC9_t7_primer_1_	VR-4	100.000	51	0	0	150	200	1	51	1.67e-22	95.3
VR-27-C4_pFC9_t7_primer_1_	VR-4	100.000	30	0	0	401	430	252	281	7.86e-11	56.5
VR-27-C4_pFC9_t7_primer_1_	VR-1	100.000	51	0	0	150	200	1	51	1.67e-22	95.3
VR-27-C4_pFC9_t7_primer_1_	VR-1	100.000	30	0	0	401	430	252	281	7.86e-11	56.5
